,0,1,2,3,4,5,6,7,8,9,10,11,12,13,14,15,16,17,18,19,y_true,y_predict,y_proba,y_proba_predict,Igual y_pred,Igual y_proba
0,0,6,4,3,1169,4,4,4,2,0,4,0,67,2,1,2,2,1,1,0,1,1,0.731058373,1,VERDADERO,VERDADERO
1,1,48,2,3,5951,0,2,2,1,0,2,0,22,2,1,1,2,1,0,0,0,0,0.500000205,0,VERDADERO,VERDADERO
2,3,12,4,6,2096,0,3,2,2,0,3,0,49,2,1,1,1,2,0,0,1,1,0.731058509,1,VERDADERO,VERDADERO
3,0,42,2,2,7882,0,3,2,2,2,4,1,45,2,2,1,2,2,0,0,1,1,0.731058436,1,VERDADERO,VERDADERO
4,0,24,3,0,4870,0,2,3,2,0,4,3,53,2,2,2,2,2,0,0,0,0,0.500000301,0,VERDADERO,VERDADERO
5,3,36,2,6,9055,4,2,2,2,0,4,3,35,2,2,1,1,2,1,0,1,1,0.731058545,1,VERDADERO,VERDADERO
6,3,24,2,2,2835,2,4,3,2,0,4,1,53,2,1,1,2,1,0,0,1,1,0.731058449,1,VERDADERO,VERDADERO
7,1,36,2,1,6948,0,2,2,2,0,2,2,35,2,0,1,3,1,1,0,1,1,0.731058593,1,VERDADERO,VERDADERO
8,3,12,2,3,3059,3,3,2,0,0,4,0,61,2,1,1,1,1,0,0,1,1,0.731058581,1,VERDADERO,VERDADERO
9,1,30,4,0,5234,0,0,4,3,0,2,2,28,2,1,2,3,1,0,0,0,0,0.500000215,0,VERDADERO,VERDADERO
10,1,12,2,0,1295,0,1,3,1,0,1,2,25,2,0,1,2,1,0,0,0,0,0.50000036,0,VERDADERO,VERDADERO
11,0,48,2,9,4308,0,1,3,1,0,4,1,24,2,0,1,2,1,0,0,0,1,0.664108941,1,FALSO,FALSO
12,1,12,2,3,1567,0,2,1,1,0,1,2,22,2,1,1,2,1,1,0,1,1,0.731058489,1,VERDADERO,VERDADERO
13,0,24,4,0,1199,0,4,4,2,0,4,2,60,2,1,2,1,1,0,0,0,0,0.500000189,0,VERDADERO,VERDADERO
14,0,15,2,0,1403,0,2,2,1,0,4,2,28,2,0,1,2,1,0,0,1,1,0.731058413,1,VERDADERO,VERDADERO
15,0,24,2,3,1282,1,2,4,1,0,2,2,32,2,1,1,1,1,0,0,0,0,0.500000054,0,VERDADERO,VERDADERO
16,3,24,4,3,2424,4,4,4,2,0,4,1,53,2,1,2,2,1,0,0,1,1,0.654078509,1,VERDADERO,VERDADERO
17,0,30,0,9,8072,4,1,2,2,0,3,2,25,0,1,3,2,1,0,0,1,1,0.731058551,1,VERDADERO,VERDADERO
18,1,24,2,1,12579,0,4,4,1,0,2,3,44,2,2,1,3,1,1,0,0,0,0.500000204,0,VERDADERO,VERDADERO
19,3,24,2,3,3430,2,4,3,2,0,2,2,31,2,1,1,2,2,1,0,1,1,0.73105848,1,VERDADERO,VERDADERO
20,3,9,4,0,2134,0,2,4,2,0,4,2,48,2,1,3,2,1,1,0,1,1,0.687100202,1,VERDADERO,VERDADERO
21,0,6,2,3,2647,2,2,2,2,0,3,0,44,2,0,1,2,2,0,0,1,1,0.696051064,1,VERDADERO,VERDADERO
22,0,10,4,0,2241,0,1,1,2,0,3,0,48,2,0,2,1,2,0,1,1,1,0.731058552,1,VERDADERO,VERDADERO
23,1,12,4,1,1804,1,1,3,2,0,4,1,44,2,1,1,2,1,0,0,1,1,0.731058509,1,VERDADERO,VERDADERO
24,3,10,4,2,2069,4,2,2,3,0,1,2,26,2,1,2,2,1,0,1,1,1,0.731058437,1,VERDADERO,VERDADERO
25,0,6,2,2,1374,0,2,1,2,0,2,0,36,0,1,1,1,1,1,0,1,1,0.731058587,1,VERDADERO,VERDADERO
26,3,6,0,3,426,0,4,4,3,0,4,2,39,2,1,1,1,1,0,0,1,1,0.731058534,1,VERDADERO,VERDADERO
27,2,12,1,3,409,3,2,3,1,0,3,0,42,2,0,2,2,1,0,0,1,0,0.62221527,1,FALSO,VERDADERO
28,1,7,2,3,2415,0,2,3,2,2,2,0,34,2,1,1,2,1,0,0,1,1,0.731058449,1,VERDADERO,VERDADERO
29,0,60,3,9,6836,0,4,3,2,0,4,3,63,2,1,2,2,1,1,0,0,0,0.500000171,0,VERDADERO,VERDADERO
30,1,18,2,9,1913,3,1,3,3,0,3,0,36,0,1,1,2,1,1,0,1,1,0.731058434,1,VERDADERO,VERDADERO
31,0,24,2,2,4020,0,2,2,2,0,2,2,27,1,1,1,2,1,0,0,1,1,0.731058411,1,VERDADERO,VERDADERO
32,1,18,2,0,5866,1,2,2,2,0,2,2,30,2,1,2,2,1,1,0,1,1,0.731058566,1,VERDADERO,VERDADERO
33,3,12,4,9,1264,4,4,4,2,0,4,3,57,2,0,1,1,1,0,0,1,1,0.731058532,1,VERDADERO,VERDADERO
34,2,12,2,2,1474,0,1,4,1,0,1,1,33,0,1,1,3,1,1,0,1,1,0.731058475,1,VERDADERO,VERDADERO
35,1,45,4,3,4746,0,1,4,2,0,2,1,25,2,1,2,1,1,0,0,0,0,0.500000163,0,VERDADERO,VERDADERO
36,3,48,4,6,6110,0,2,1,2,0,3,3,31,0,2,1,2,1,1,0,1,1,0.731058563,1,VERDADERO,VERDADERO
37,2,18,2,3,2100,0,2,4,2,1,2,0,37,1,1,1,2,1,0,0,0,1,0.698339117,1,FALSO,FALSO
38,2,10,2,4,1225,0,2,2,2,0,2,2,37,2,1,1,2,1,1,0,1,1,0.731058549,1,VERDADERO,VERDADERO
39,1,9,2,3,458,0,2,4,2,0,3,0,24,2,1,1,2,1,0,0,1,1,0.731058466,1,VERDADERO,VERDADERO
40,3,30,2,3,2333,2,4,4,2,0,2,2,30,0,1,1,3,1,0,0,1,1,0.731058466,1,VERDADERO,VERDADERO
41,1,12,2,3,1158,2,2,3,0,0,1,2,26,2,1,1,2,1,1,0,1,1,0.731058454,1,VERDADERO,VERDADERO
42,1,18,3,5,6204,0,2,2,2,0,4,0,44,2,1,1,1,2,1,0,1,1,0.731058536,1,VERDADERO,VERDADERO
43,0,30,4,1,6187,1,3,1,3,0,4,2,24,2,0,2,2,1,0,0,1,1,0.731058458,1,VERDADERO,VERDADERO
44,0,48,4,1,6143,0,4,4,1,0,4,3,58,1,2,2,1,1,0,0,0,0,0.500000218,0,VERDADERO,VERDADERO
45,3,11,4,0,1393,0,1,4,1,0,4,2,35,2,1,2,3,1,0,0,1,1,0.731058506,1,VERDADERO,VERDADERO
46,3,36,2,3,2299,2,4,4,2,0,4,2,39,2,1,1,2,1,0,0,1,1,0.731058414,1,VERDADERO,VERDADERO
47,0,6,2,1,1352,2,0,1,1,0,2,1,23,2,0,1,0,1,1,0,1,1,0.731058385,1,VERDADERO,VERDADERO
48,3,11,4,0,7228,0,2,1,2,0,4,1,39,2,1,2,1,1,0,0,1,1,0.731058508,1,VERDADERO,VERDADERO
49,3,12,2,3,2073,1,2,4,1,1,2,0,28,2,1,1,2,1,0,0,1,1,0.731058563,1,VERDADERO,VERDADERO
50,1,24,3,2,2333,4,1,4,2,0,2,1,29,0,1,1,1,1,0,0,1,1,0.731058552,1,VERDADERO,VERDADERO
51,1,27,3,1,5965,0,4,1,2,0,2,2,30,2,1,2,3,1,1,0,1,1,0.731058476,1,VERDADERO,VERDADERO
52,3,12,2,3,1262,0,2,3,2,0,2,2,25,2,1,1,2,1,0,0,1,1,0.768796512,1,VERDADERO,VERDADERO
53,3,18,2,1,3378,4,2,2,2,0,1,1,31,2,1,1,2,1,1,0,1,1,0.731058437,1,VERDADERO,VERDADERO
54,1,36,3,0,2225,0,4,4,2,0,4,3,57,0,2,2,2,1,1,0,0,0,0.500000415,0,VERDADERO,VERDADERO
55,3,6,1,0,783,4,2,1,2,2,2,0,26,1,1,1,1,2,0,0,1,1,0.696127384,1,VERDADERO,VERDADERO
56,1,12,2,3,6468,4,0,2,2,0,1,3,52,2,1,1,3,1,1,0,0,1,0.693114919,1,FALSO,FALSO
57,3,36,4,3,9566,0,2,2,1,0,2,2,31,1,1,2,2,1,0,0,1,1,0.731058536,1,VERDADERO,VERDADERO
58,2,18,2,0,1961,0,4,3,1,0,2,2,23,2,1,1,3,1,0,0,1,1,0.731058587,1,VERDADERO,VERDADERO
59,0,36,4,2,6229,0,1,4,1,1,4,3,23,2,0,2,1,1,1,0,0,0,0.500000125,0,VERDADERO,VERDADERO
60,1,9,2,9,1391,0,2,2,3,0,1,0,27,0,1,1,2,1,1,0,1,1,0.683502745,1,VERDADERO,VERDADERO
61,1,15,4,3,1537,4,4,4,2,2,4,0,50,2,1,2,2,1,1,0,1,1,0.731058346,1,VERDADERO,VERDADERO
62,1,36,0,9,1953,0,4,4,2,0,4,3,61,2,2,1,3,1,1,0,0,0,0.500000212,0,VERDADERO,VERDADERO
63,1,48,0,9,14421,0,2,2,2,0,2,2,25,2,1,1,2,1,1,0,0,1,0.650935922,1,FALSO,FALSO
64,3,24,2,3,3181,0,1,4,1,0,4,1,26,2,1,1,2,1,1,0,1,1,0.731058487,1,VERDADERO,VERDADERO
65,3,27,2,5,5190,4,4,4,2,0,4,1,48,2,1,4,2,2,1,0,1,1,0.731058545,1,VERDADERO,VERDADERO
66,3,12,2,3,2171,0,1,2,1,0,2,2,29,0,1,1,2,1,0,0,1,1,0.731058548,1,VERDADERO,VERDADERO
67,1,12,2,0,1007,3,2,4,3,0,1,0,22,2,1,1,2,1,0,0,1,1,0.731058513,1,VERDADERO,VERDADERO
68,3,36,2,6,1819,0,2,4,2,0,4,3,37,1,2,1,2,1,1,0,0,0,0.500000281,0,VERDADERO,VERDADERO
69,3,36,2,3,2394,4,2,4,1,0,4,2,25,2,1,1,2,1,0,0,1,1,0.731058587,1,VERDADERO,VERDADERO
70,3,36,2,1,8133,0,2,1,1,0,2,1,30,0,1,1,2,1,0,0,1,1,0.73105844,1,VERDADERO,VERDADERO
71,3,7,4,3,730,4,4,4,2,0,2,1,46,2,0,2,1,1,1,0,1,1,0.731058493,1,VERDADERO,VERDADERO
72,0,8,4,10,1164,0,4,3,2,0,4,3,51,0,2,2,3,2,1,0,1,0,0.546670476,1,FALSO,VERDADERO
73,1,42,4,9,5954,0,3,2,1,0,1,0,41,0,1,2,1,1,0,0,1,1,0.73105859,1,VERDADERO,VERDADERO
74,0,36,2,6,1977,4,4,4,2,0,4,3,40,2,1,1,3,1,1,0,0,0,0.500000349,0,VERDADERO,VERDADERO
75,0,12,4,1,1526,0,4,4,2,0,4,3,66,2,2,2,3,1,0,0,1,1,0.731058613,1,VERDADERO,VERDADERO
76,0,42,2,3,3965,0,1,4,2,0,3,2,34,2,1,1,2,1,0,0,0,0,0.500000306,0,VERDADERO,VERDADERO
77,1,11,3,3,4771,0,3,2,2,0,4,1,51,2,1,1,2,1,0,0,1,1,0.731058555,1,VERDADERO,VERDADERO
78,3,54,0,1,9436,4,2,2,2,0,2,1,39,2,1,1,1,2,0,0,1,1,0.731058455,1,VERDADERO,VERDADERO
79,1,30,2,2,3832,0,1,2,3,0,1,1,22,2,1,1,2,1,0,0,1,1,0.731058494,1,VERDADERO,VERDADERO
80,3,24,2,3,5943,4,1,1,1,0,1,2,44,2,1,2,2,1,1,0,0,0,0.500000204,0,VERDADERO,VERDADERO
81,3,15,2,3,1213,2,4,4,2,0,3,1,47,1,1,1,2,1,1,0,1,1,0.696252762,1,VERDADERO,VERDADERO
82,3,18,2,9,1568,1,2,3,1,0,4,1,24,2,0,1,1,1,0,0,1,1,0.672446513,1,VERDADERO,VERDADERO
83,0,24,2,10,1755,0,4,4,1,2,4,0,58,2,1,1,1,1,1,0,1,1,0.731058498,1,VERDADERO,VERDADERO
84,0,10,2,3,2315,0,4,3,2,0,4,0,52,2,1,1,1,1,0,0,1,1,0.7310585,1,VERDADERO,VERDADERO
85,3,12,4,9,1412,0,2,4,1,2,2,0,29,2,1,2,3,1,1,0,1,1,0.731058505,1,VERDADERO,VERDADERO
86,1,18,4,2,1295,0,1,4,1,0,1,1,27,2,1,2,2,1,0,0,1,1,0.731058504,1,VERDADERO,VERDADERO
87,1,36,2,6,12612,1,2,1,2,0,4,3,47,2,2,1,2,2,1,0,0,1,0.717629881,1,FALSO,FALSO
88,0,18,2,0,2249,1,3,4,2,0,3,2,30,2,1,1,3,2,1,0,1,1,0.73105854,1,VERDADERO,VERDADERO
89,0,12,0,5,1108,0,3,4,2,0,3,0,28,2,1,2,2,1,0,0,0,0,0.500000308,0,VERDADERO,VERDADERO
90,3,12,4,3,618,0,4,4,2,0,4,0,56,2,1,1,2,1,0,0,1,1,0.731058552,1,VERDADERO,VERDADERO
91,0,12,4,1,1409,0,4,4,2,0,3,0,54,2,1,1,2,1,0,0,1,1,0.731058426,1,VERDADERO,VERDADERO
92,3,12,4,3,797,4,4,4,1,0,3,1,33,0,1,1,1,2,0,0,0,0,0.500000072,0,VERDADERO,VERDADERO
93,2,24,4,2,3617,4,4,4,2,1,4,3,20,2,0,2,2,1,0,0,1,1,0.731058482,1,VERDADERO,VERDADERO
94,1,12,2,0,1318,3,4,4,2,0,4,0,54,2,1,1,2,1,1,0,1,1,0.731058527,1,VERDADERO,VERDADERO
95,1,54,0,9,15945,0,1,3,2,0,4,3,58,2,0,1,2,1,1,0,0,1,0.672898624,1,FALSO,FALSO
96,3,12,4,6,2012,4,3,4,1,0,2,2,61,2,1,1,2,1,0,0,1,1,0.731058537,1,VERDADERO,VERDADERO
97,1,18,2,9,2622,1,2,4,2,0,4,2,34,2,1,1,2,1,0,0,1,0,0.611183333,1,FALSO,VERDADERO
98,1,36,4,3,2337,0,4,4,2,0,4,0,36,2,1,1,2,1,0,0,1,1,0.719127213,1,VERDADERO,VERDADERO
99,1,20,3,1,7057,4,3,3,2,0,4,1,36,0,0,2,3,2,1,0,1,1,0.731058523,1,VERDADERO,VERDADERO
100,3,24,2,0,1469,1,4,4,3,0,4,0,41,2,0,1,1,1,0,0,1,1,0.731058556,1,VERDADERO,VERDADERO
101,1,36,2,3,2323,0,3,4,2,0,4,2,24,2,0,1,2,1,0,0,1,1,0.731058645,1,VERDADERO,VERDADERO
102,3,6,3,3,932,0,2,3,1,0,2,0,24,2,1,1,2,1,0,0,1,1,0.731058521,1,VERDADERO,VERDADERO
103,1,9,4,2,1919,0,3,4,2,0,3,2,35,2,0,1,2,1,1,0,1,1,0.731058432,1,VERDADERO,VERDADERO
104,3,12,2,1,2445,4,1,2,3,0,4,2,26,2,0,1,2,1,1,0,1,1,0.731058487,1,VERDADERO,VERDADERO
105,1,24,4,10,11938,0,2,2,2,1,3,2,39,2,1,2,3,2,1,0,0,0,0.500000209,0,VERDADERO,VERDADERO
106,3,18,1,0,6458,0,4,2,2,0,4,3,39,0,1,2,3,2,1,0,0,0,0.500000232,0,VERDADERO,VERDADERO
107,1,12,2,0,6078,0,3,2,2,0,2,2,32,2,1,1,2,1,0,0,1,1,0.731058581,1,VERDADERO,VERDADERO
108,0,24,2,2,7721,4,1,1,1,0,2,1,30,2,1,1,2,1,1,1,1,1,0.731058565,1,VERDADERO,VERDADERO
109,1,14,2,9,1410,2,4,1,3,0,2,0,35,2,1,1,2,1,1,0,1,1,0.731058536,1,VERDADERO,VERDADERO
110,1,6,3,9,1449,1,4,1,0,0,2,2,31,0,1,2,2,2,0,0,1,1,0.73105856,1,VERDADERO,VERDADERO
111,2,15,2,6,392,0,1,4,1,0,4,1,23,2,0,1,2,1,1,0,1,1,0.731058493,1,VERDADERO,VERDADERO
112,1,18,2,0,6260,0,3,3,2,0,3,0,28,2,0,1,1,1,0,0,1,1,0.73105859,1,VERDADERO,VERDADERO
113,3,36,4,0,7855,0,2,4,1,0,2,0,25,1,1,2,2,1,1,0,0,0,0.500000127,0,VERDADERO,VERDADERO
114,0,12,2,3,1680,2,4,3,3,0,1,0,35,2,1,1,2,1,0,0,1,1,0.685190471,1,VERDADERO,VERDADERO
115,3,48,4,3,3578,4,4,4,2,0,1,0,47,2,1,1,2,1,1,0,1,1,0.731058519,1,VERDADERO,VERDADERO
116,0,42,2,3,7174,4,3,4,1,0,3,2,30,2,1,1,3,1,1,0,0,0,0.500000146,0,VERDADERO,VERDADERO
117,0,10,4,2,2132,4,1,2,1,1,3,0,27,2,0,2,2,1,0,1,1,1,0.731058592,1,VERDADERO,VERDADERO
118,0,33,4,2,4281,2,2,1,1,0,4,2,23,2,1,2,2,1,0,0,0,1,0.640979378,1,FALSO,FALSO
119,1,12,4,0,2366,2,3,3,0,0,3,2,36,2,1,1,3,1,1,0,1,1,0.719339311,1,VERDADERO,VERDADERO
120,0,21,2,3,1835,0,2,3,1,0,2,0,25,2,1,2,2,1,1,0,0,1,0.693613766,1,FALSO,FALSO
121,3,24,4,1,3868,0,4,4,1,0,2,2,41,2,0,2,3,1,1,0,1,1,0.731058512,1,VERDADERO,VERDADERO
122,3,12,2,2,1768,0,2,3,2,0,2,0,24,2,0,1,1,1,0,0,1,1,0.731058481,1,VERDADERO,VERDADERO
123,2,10,4,0,781,0,4,4,2,0,4,3,63,2,2,2,2,1,1,0,1,1,0.731058536,1,VERDADERO,VERDADERO
124,1,18,2,2,1924,4,1,4,1,0,3,0,27,2,0,1,2,1,0,0,0,0,0.500000262,0,VERDADERO,VERDADERO
125,0,12,4,0,2121,0,2,4,2,0,2,1,30,2,1,2,2,1,0,0,1,1,0.731058539,1,VERDADERO,VERDADERO
126,0,12,2,3,701,0,2,4,3,0,2,0,40,2,1,1,1,1,0,0,1,1,0.731058578,1,VERDADERO,VERDADERO
127,1,12,2,5,639,0,2,4,2,0,2,2,30,2,1,1,2,1,0,0,0,0,0.500000287,0,VERDADERO,VERDADERO
128,1,12,4,1,1860,0,0,4,2,0,2,2,34,2,1,2,3,1,1,0,1,1,0.731058535,1,VERDADERO,VERDADERO
129,0,12,4,0,3499,0,2,3,1,1,2,0,29,2,1,2,2,1,0,0,0,0,0.500000185,0,VERDADERO,VERDADERO
130,1,48,2,0,8487,4,3,1,1,0,2,2,24,2,1,1,2,1,0,0,1,1,0.731058397,1,VERDADERO,VERDADERO
131,0,36,3,6,6887,0,2,4,2,0,3,1,29,1,1,1,2,1,1,0,0,0,0.500000257,0,VERDADERO,VERDADERO
132,3,15,2,2,2708,0,1,2,2,0,3,1,27,0,1,2,1,1,0,0,1,1,0.731058529,1,VERDADERO,VERDADERO
133,3,18,2,2,1984,0,2,4,2,0,4,3,47,0,2,2,2,1,0,0,1,1,0.754294276,1,VERDADERO,VERDADERO
134,3,60,2,3,10144,1,3,2,1,0,4,0,21,2,1,1,2,1,1,0,1,1,0.731058547,1,VERDADERO,VERDADERO
135,3,12,4,3,1240,4,4,4,1,0,2,0,38,2,1,2,2,1,1,0,1,0,0.545901272,1,FALSO,VERDADERO
136,3,27,3,1,8613,3,2,2,2,0,2,2,27,2,1,2,2,1,0,0,1,1,0.707583915,1,VERDADERO,VERDADERO
137,1,12,2,3,766,2,2,4,2,0,3,0,66,2,1,1,1,1,0,0,0,0,0.500000293,0,VERDADERO,VERDADERO
138,1,15,4,3,2728,4,3,4,2,2,2,0,35,0,1,3,2,1,1,0,1,1,0.674628458,1,VERDADERO,VERDADERO
139,2,12,2,3,1881,0,2,2,1,0,2,2,44,2,0,1,1,1,1,0,1,1,0.731058416,1,VERDADERO,VERDADERO
140,2,6,2,0,709,3,1,2,3,0,2,0,27,2,1,1,0,1,0,1,1,1,0.731058524,1,VERDADERO,VERDADERO
141,1,36,2,3,4795,0,1,4,1,0,1,3,30,2,1,1,3,1,1,0,1,1,0.693885255,1,VERDADERO,VERDADERO
142,0,27,2,3,3416,0,2,3,2,0,2,2,27,2,1,1,3,1,0,0,1,1,0.73105852,1,VERDADERO,VERDADERO
143,0,18,2,2,2462,0,2,2,2,0,2,2,22,2,1,1,2,1,0,0,0,0,0.500000227,0,VERDADERO,VERDADERO
144,3,21,4,2,2288,0,1,4,1,0,4,1,23,2,1,1,2,1,1,0,1,1,0.731058557,1,VERDADERO,VERDADERO
145,1,48,1,9,3566,1,3,4,2,0,2,2,30,2,1,1,2,1,0,0,1,1,0.731058592,1,VERDADERO,VERDADERO
146,0,6,4,0,860,0,4,1,1,0,4,3,39,2,1,2,2,1,1,0,1,1,0.731058539,1,VERDADERO,VERDADERO
147,3,12,4,0,682,1,3,4,1,0,3,2,51,2,1,2,2,1,1,0,1,1,0.731058506,1,VERDADERO,VERDADERO
148,0,36,4,2,5371,0,2,3,2,2,2,1,28,2,1,2,2,1,0,0,1,1,0.799435717,1,VERDADERO,VERDADERO
149,3,18,4,3,1582,3,4,4,2,0,4,2,46,2,1,2,2,1,0,0,1,1,0.731058575,1,VERDADERO,VERDADERO
150,3,6,2,3,1346,1,4,2,2,0,4,3,42,0,2,1,2,2,1,0,1,1,0.731058482,1,VERDADERO,VERDADERO
151,3,10,2,3,1924,0,2,1,2,0,4,1,38,2,1,1,2,1,1,1,1,1,0.631838825,1,VERDADERO,VERDADERO
152,2,36,2,3,5848,0,2,4,2,0,1,2,24,2,1,1,2,1,0,0,1,1,0.733928926,1,VERDADERO,VERDADERO
153,1,24,4,1,7758,3,4,2,1,0,4,3,29,2,0,1,2,1,0,0,1,1,0.795443953,1,VERDADERO,VERDADERO
154,1,24,3,9,6967,1,3,4,2,0,4,2,36,2,0,1,3,1,1,0,1,1,0.731058527,1,VERDADERO,VERDADERO
155,0,12,2,2,1282,0,2,2,1,0,4,2,20,2,0,1,2,1,0,0,0,0,0.500000385,0,VERDADERO,VERDADERO
156,0,9,4,5,1288,1,4,3,2,2,4,0,48,2,1,2,2,2,0,1,1,1,0.731058565,1,VERDADERO,VERDADERO
157,0,12,1,8,339,0,4,4,3,0,1,2,45,0,1,1,1,1,0,0,1,1,0.731058448,1,VERDADERO,VERDADERO
158,1,24,2,0,3512,1,3,2,2,0,3,2,38,0,1,2,2,1,1,0,1,1,0.676174022,1,VERDADERO,VERDADERO
159,3,6,4,3,1898,4,2,1,2,0,2,0,34,2,1,2,1,2,0,0,1,1,0.73105851,1,VERDADERO,VERDADERO
160,3,24,4,3,2872,1,4,3,2,0,4,0,36,2,1,1,2,2,1,0,1,1,0.731058498,1,VERDADERO,VERDADERO
161,3,18,4,0,1055,0,1,4,1,0,1,1,30,2,1,2,2,1,0,0,1,1,0.731058571,1,VERDADERO,VERDADERO
162,3,15,2,4,1262,2,3,4,2,0,3,1,36,2,1,2,2,1,1,0,1,1,0.731058449,1,VERDADERO,VERDADERO
163,1,10,2,0,7308,0,0,2,2,0,4,3,70,0,2,1,3,1,1,0,1,1,0.731058506,1,VERDADERO,VERDADERO
164,3,36,2,0,909,2,4,4,2,0,4,1,36,2,1,1,2,1,0,0,1,1,0.731058443,1,VERDADERO,VERDADERO
165,3,6,2,2,2978,2,2,1,2,0,2,2,32,2,1,1,2,1,1,0,1,1,0.731058531,1,VERDADERO,VERDADERO
166,0,18,2,2,1131,0,0,4,1,0,2,2,33,2,1,1,2,1,0,0,0,0,0.500000406,0,VERDADERO,VERDADERO
167,1,11,2,2,1577,3,1,4,1,0,1,0,20,2,1,1,2,1,0,0,1,1,0.731058537,1,VERDADERO,VERDADERO
168,3,24,2,2,3972,0,3,2,1,0,4,1,25,2,0,1,2,1,1,0,1,1,0.731058611,1,VERDADERO,VERDADERO
169,1,24,4,9,1935,0,4,4,0,0,4,0,31,2,1,2,2,1,1,0,0,0,0.500000223,0,VERDADERO,VERDADERO
170,0,15,0,0,950,0,4,4,2,0,3,2,33,2,0,2,2,2,0,0,0,0,0.500000088,0,VERDADERO,VERDADERO
171,3,12,2,2,763,0,2,4,1,0,1,0,26,2,1,1,2,1,1,0,1,1,0.731058455,1,VERDADERO,VERDADERO
172,1,24,3,2,2064,0,0,3,1,0,2,1,34,2,1,1,3,1,1,0,0,0,0.500000235,0,VERDADERO,VERDADERO
173,1,8,2,3,1414,0,2,4,2,2,2,0,33,2,1,1,2,1,0,1,1,1,0.73105835,1,VERDADERO,VERDADERO
174,0,21,3,6,3414,0,1,2,2,0,1,1,26,2,1,2,2,1,0,0,0,0,0.500000142,0,VERDADERO,VERDADERO
175,3,30,1,1,7485,4,0,4,1,0,1,0,53,0,1,1,3,1,1,0,0,0,0.50000026,0,VERDADERO,VERDADERO
176,0,12,2,2,2577,0,2,2,0,0,1,2,42,2,1,1,2,1,0,0,1,1,0.731058475,1,VERDADERO,VERDADERO
177,0,6,4,3,338,2,4,4,2,0,4,2,52,2,1,2,2,1,0,0,1,1,0.650842021,1,VERDADERO,VERDADERO
178,3,12,2,3,1963,0,3,4,2,0,2,2,31,2,0,2,3,2,1,0,1,1,0.731058484,1,VERDADERO,VERDADERO
179,0,21,4,0,571,0,4,4,2,0,4,0,65,2,1,2,2,1,0,0,1,1,0.731058478,1,VERDADERO,VERDADERO
180,3,36,3,9,9572,0,1,1,0,0,1,2,28,2,1,2,2,1,0,0,0,0,0.500000151,0,VERDADERO,VERDADERO
181,1,36,3,9,4455,0,2,2,0,0,2,0,30,1,1,2,3,1,1,0,0,0,0.500000213,0,VERDADERO,VERDADERO
182,0,21,1,0,1647,4,2,4,2,0,2,1,40,2,1,2,1,2,0,0,0,0,0.500000228,0,VERDADERO,VERDADERO
183,3,24,4,2,3777,3,2,4,2,0,4,0,50,2,1,1,2,1,1,0,1,1,0.731058454,1,VERDADERO,VERDADERO
184,1,18,4,0,884,0,4,4,2,0,4,2,36,0,1,1,2,2,1,0,0,1,0.641736743,1,FALSO,FALSO
185,3,15,4,3,1360,0,2,4,2,0,2,1,31,2,1,2,2,1,0,0,1,0,0.578951656,1,FALSO,VERDADERO
186,1,9,1,1,5129,0,4,2,1,0,4,3,74,0,2,1,3,2,1,0,0,0,0.618285736,1,VERDADERO,FALSO
187,1,16,4,0,1175,0,0,2,2,0,3,2,68,2,2,3,0,1,1,0,1,1,0.73105847,1,VERDADERO,VERDADERO
188,0,12,2,3,674,1,3,4,3,0,1,1,20,2,1,1,2,1,0,0,0,0,0.500000174,0,VERDADERO,VERDADERO
189,1,18,0,2,3244,0,2,1,1,0,4,2,33,0,1,2,2,1,1,0,1,1,0.731058526,1,VERDADERO,VERDADERO
190,3,24,2,9,4591,3,2,2,2,0,3,1,54,2,1,3,3,1,1,0,0,0,0.500000201,0,VERDADERO,VERDADERO
191,1,48,0,9,3844,1,3,4,2,0,4,3,34,2,2,1,1,2,0,0,0,0,0.500000287,0,VERDADERO,VERDADERO
192,1,27,2,9,3915,0,2,4,2,0,2,2,36,2,1,1,2,2,1,0,0,0,0.500000224,0,VERDADERO,VERDADERO
193,3,6,2,3,2108,0,3,2,3,0,2,0,29,2,0,1,2,1,0,0,1,0,0.606814511,1,FALSO,VERDADERO
194,1,45,2,3,3031,1,2,4,2,2,4,1,21,2,0,1,2,1,0,0,0,0,0.500000229,0,VERDADERO,VERDADERO
195,1,9,4,6,1501,0,4,2,1,0,3,2,34,2,1,2,3,1,1,0,0,0,0.500000251,0,VERDADERO,VERDADERO
196,3,6,4,3,1382,0,2,1,1,0,1,2,28,2,1,2,2,1,1,0,1,1,0.731058417,1,VERDADERO,VERDADERO
197,1,12,2,2,951,1,1,4,1,0,4,2,27,0,0,4,2,1,0,0,0,0,0.500000061,0,VERDADERO,VERDADERO
198,1,24,2,1,2760,4,4,4,2,0,4,3,36,0,2,1,2,1,1,0,1,1,0.731058453,1,VERDADERO,VERDADERO
199,1,18,3,2,4297,0,4,4,0,0,3,3,40,2,1,1,3,1,1,0,0,1,0.749699648,1,FALSO,FALSO
200,3,9,4,6,936,2,4,4,2,0,2,2,52,2,1,2,2,1,1,0,1,1,0.731058577,1,VERDADERO,VERDADERO
201,0,12,2,0,1168,0,2,4,3,0,3,0,27,2,1,1,1,1,0,0,1,1,0.731058453,1,VERDADERO,VERDADERO
202,3,27,3,9,5117,0,3,3,2,0,4,2,26,2,1,2,2,1,0,0,1,0,0.574211352,1,FALSO,VERDADERO
203,0,12,2,8,902,0,3,4,3,0,4,1,21,2,0,1,2,1,0,0,0,1,0.671450614,1,FALSO,FALSO
204,3,12,4,0,1495,0,4,4,2,0,1,0,38,2,1,2,1,2,0,0,1,1,0.73105861,1,VERDADERO,VERDADERO
205,0,30,4,1,10623,0,4,3,2,0,4,3,38,2,2,3,3,2,1,0,1,1,0.731058449,1,VERDADERO,VERDADERO
206,3,12,4,2,1935,0,4,4,2,0,4,0,43,2,1,3,2,1,1,0,1,1,0.731058501,1,VERDADERO,VERDADERO
207,1,12,4,4,1424,0,3,4,2,0,3,1,26,2,1,1,2,1,0,0,1,1,0.731058498,1,VERDADERO,VERDADERO
208,0,24,2,9,6568,0,2,2,3,0,2,2,21,1,1,1,1,1,0,0,1,1,0.731058563,1,VERDADERO,VERDADERO
209,3,12,2,1,1413,3,3,3,2,0,2,1,55,2,1,1,2,1,0,1,1,1,0.731058566,1,VERDADERO,VERDADERO
210,3,9,4,3,3074,4,2,1,2,0,2,0,33,2,1,2,2,2,0,0,1,1,0.731058596,1,VERDADERO,VERDADERO
211,3,36,2,3,3835,4,4,2,1,0,4,0,45,2,1,1,1,1,1,0,1,1,0.73105845,1,VERDADERO,VERDADERO
212,0,27,0,9,5293,0,0,2,2,0,4,1,50,1,1,2,2,1,1,0,0,0,0.500000322,0,VERDADERO,VERDADERO
213,2,30,3,9,1908,0,4,4,2,0,4,0,66,2,1,1,3,1,1,0,0,0,0.500000285,0,VERDADERO,VERDADERO
214,3,36,4,3,3342,4,4,4,2,0,2,2,51,2,1,1,2,1,1,0,1,1,0.731058414,1,VERDADERO,VERDADERO
215,1,6,4,8,932,4,3,1,1,0,3,1,39,2,1,2,1,1,0,0,1,1,0.731058446,1,VERDADERO,VERDADERO
216,0,18,0,9,3104,0,3,3,2,0,1,1,31,0,1,1,2,1,1,0,1,1,0.731058508,1,VERDADERO,VERDADERO
217,2,36,2,3,3913,0,2,2,2,0,2,0,23,2,1,1,2,1,1,0,1,1,0.731058397,1,VERDADERO,VERDADERO
218,0,24,2,2,3021,0,2,2,0,0,2,0,24,2,0,1,1,1,0,0,1,1,0.71317732,1,VERDADERO,VERDADERO
219,3,10,2,0,1364,0,2,2,1,0,4,2,64,2,1,1,2,1,1,0,1,0,0.567103672,1,FALSO,VERDADERO
220,1,12,2,3,625,0,1,4,3,2,1,0,26,0,1,1,1,1,0,0,1,1,0.731058495,1,VERDADERO,VERDADERO
221,0,12,2,6,1200,4,2,4,1,0,4,1,23,0,0,1,2,1,1,0,1,1,0.731058487,1,VERDADERO,VERDADERO
222,3,12,2,3,707,0,2,4,2,0,2,0,30,0,1,2,2,1,0,0,1,1,0.731058448,1,VERDADERO,VERDADERO
223,3,24,3,9,2978,4,2,4,2,0,4,0,32,2,1,2,2,2,1,0,1,1,0.731058632,1,VERDADERO,VERDADERO
224,3,15,2,1,4657,0,2,3,2,0,2,2,30,2,1,1,2,1,1,0,1,1,0.731058369,1,VERDADERO,VERDADERO
225,3,36,0,5,2613,0,2,4,2,0,2,2,27,2,1,2,2,1,0,0,1,1,0.731058583,1,VERDADERO,VERDADERO
226,1,48,2,3,10961,3,3,1,2,1,2,3,27,0,1,2,2,1,1,0,0,0,0.60061068,1,VERDADERO,FALSO
227,0,12,2,2,7865,0,4,4,2,0,4,3,53,2,2,1,3,1,1,0,0,0,0.500000236,0,VERDADERO,VERDADERO
228,3,9,2,3,1478,0,3,4,2,0,2,2,22,2,1,1,2,1,0,0,0,0,0.500000176,0,VERDADERO,VERDADERO
229,0,24,2,2,3149,0,1,4,2,0,1,3,22,0,2,1,2,1,0,0,1,1,0.696190426,1,VERDADERO,VERDADERO
230,2,36,2,3,4210,0,2,4,2,0,2,2,26,2,1,1,2,1,0,0,0,0,0.500000283,0,VERDADERO,VERDADERO
231,3,9,2,0,2507,2,4,2,2,0,4,3,51,2,2,1,1,1,0,0,1,1,0.731058509,1,VERDADERO,VERDADERO
232,3,12,2,3,2141,1,3,3,2,0,1,3,35,2,1,1,2,1,0,0,1,1,0.731058533,1,VERDADERO,VERDADERO
233,1,18,2,3,866,0,2,4,3,2,2,0,25,2,1,1,1,1,0,0,1,1,0.731058559,1,VERDADERO,VERDADERO
234,3,4,4,3,1544,0,3,2,2,0,1,0,42,2,1,3,1,2,0,0,1,1,0.643182476,1,VERDADERO,VERDADERO
235,0,24,2,3,1823,0,0,4,2,0,2,2,30,1,1,1,3,2,0,0,0,0,0.500000276,0,VERDADERO,VERDADERO
236,1,6,2,0,14555,4,0,1,2,0,2,1,23,2,1,1,0,1,1,0,0,0,0.500000204,0,VERDADERO,VERDADERO
237,1,21,2,9,2767,1,4,4,0,0,2,2,61,0,0,2,1,1,0,0,0,0,0.500000042,0,VERDADERO,VERDADERO
238,3,12,4,3,1291,0,2,4,1,0,2,1,35,2,1,2,2,1,0,0,1,0,0.543964773,1,FALSO,VERDADERO
239,0,30,2,3,2522,0,4,1,2,2,3,1,39,2,1,1,2,2,0,0,1,1,0.731058525,1,VERDADERO,VERDADERO
240,0,24,2,0,915,4,4,4,1,0,2,2,29,0,1,1,2,1,0,0,0,0,0.500000284,0,VERDADERO,VERDADERO
241,3,6,2,3,1595,0,3,3,2,0,2,1,51,2,1,1,2,2,0,0,1,1,0.73105846,1,VERDADERO,VERDADERO
242,0,48,0,1,4605,0,4,3,2,0,4,3,24,2,2,2,2,2,0,0,0,0,0.500000178,0,VERDADERO,VERDADERO
243,3,12,4,9,1185,0,2,3,1,0,2,0,27,2,1,2,2,1,0,0,1,1,0.731058523,1,VERDADERO,VERDADERO
244,3,12,1,8,3447,2,2,4,1,0,3,0,35,2,1,1,1,2,0,0,1,1,0.731058515,1,VERDADERO,VERDADERO
245,3,24,2,9,1258,0,3,4,2,0,1,0,25,2,1,1,2,1,1,0,1,1,0.731058411,1,VERDADERO,VERDADERO
246,3,12,4,3,717,0,4,4,2,0,4,0,52,2,1,3,2,1,0,0,1,1,0.731058499,1,VERDADERO,VERDADERO
247,3,6,0,0,1204,1,2,4,2,0,1,3,35,0,0,1,2,1,0,1,1,1,0.731058384,1,VERDADERO,VERDADERO
248,2,24,2,2,1925,0,2,2,2,0,2,0,26,2,1,1,2,1,0,0,1,1,0.731058414,1,VERDADERO,VERDADERO
249,3,18,2,3,433,0,0,3,1,1,4,0,22,2,0,1,2,1,0,0,0,0,0.500000156,0,VERDADERO,VERDADERO
250,0,6,4,0,666,3,3,3,1,0,4,0,39,2,1,2,1,1,1,0,1,1,0.731058441,1,VERDADERO,VERDADERO
251,2,12,2,2,2251,0,2,1,1,0,2,2,46,2,1,1,1,1,0,0,1,1,0.685356652,1,VERDADERO,VERDADERO
252,1,30,2,0,2150,0,2,4,1,2,2,3,24,0,1,1,2,1,0,0,0,0,0.500000201,0,VERDADERO,VERDADERO
253,3,24,3,2,4151,1,2,2,2,0,3,1,35,2,1,2,2,1,0,0,1,1,0.731058633,1,VERDADERO,VERDADERO
254,1,9,2,2,2030,4,3,2,2,0,1,2,24,2,1,1,2,1,1,0,1,1,0.731058572,1,VERDADERO,VERDADERO
255,1,60,3,3,7418,4,2,1,2,0,1,0,27,2,1,1,1,1,0,0,1,1,0.674052059,1,VERDADERO,VERDADERO
256,3,24,4,3,2684,0,2,4,2,0,2,0,35,2,1,2,1,1,0,0,1,1,0.731058545,1,VERDADERO,VERDADERO
257,0,12,1,3,2149,0,2,4,0,0,1,3,29,2,2,1,2,1,0,0,0,0,0.500000164,0,VERDADERO,VERDADERO
258,3,15,2,1,3812,1,1,1,1,0,4,2,23,2,1,1,2,1,1,0,1,1,0.731058544,1,VERDADERO,VERDADERO
259,3,11,4,3,1154,1,0,4,1,0,4,0,57,2,1,3,1,1,0,0,1,1,0.731058444,1,VERDADERO,VERDADERO
260,0,12,2,2,1657,0,2,2,2,0,2,0,27,2,1,1,2,1,0,0,1,1,0.731058553,1,VERDADERO,VERDADERO
261,0,24,2,3,1603,0,4,4,1,0,4,2,55,2,1,1,2,1,0,0,1,1,0.731058494,1,VERDADERO,VERDADERO
262,0,18,4,0,5302,0,4,2,2,0,4,3,36,2,2,3,3,1,1,0,1,1,0.731058532,1,VERDADERO,VERDADERO
263,3,12,4,6,2748,0,4,2,1,0,4,3,57,0,2,3,1,1,0,0,1,1,0.731058503,1,VERDADERO,VERDADERO
264,3,10,4,0,1231,0,4,3,2,0,4,0,32,2,1,2,1,2,0,1,1,1,0.731058442,1,VERDADERO,VERDADERO
265,1,15,2,3,802,0,4,4,2,0,3,2,37,2,1,1,2,2,0,0,0,0,0.500000226,0,VERDADERO,VERDADERO
266,3,36,4,9,6304,4,4,4,2,0,4,0,36,2,1,2,2,1,0,0,1,1,0.685329353,1,VERDADERO,VERDADERO
267,3,24,2,3,1533,0,1,4,1,0,3,2,38,1,1,1,2,1,1,0,1,1,0.731058436,1,VERDADERO,VERDADERO
268,0,14,2,0,8978,0,4,1,0,0,4,1,45,2,1,1,3,1,1,1,0,0,0.500000335,0,VERDADERO,VERDADERO
269,3,24,2,3,999,4,4,4,2,0,2,2,25,2,1,2,2,1,0,0,1,1,0.690220442,1,VERDADERO,VERDADERO
270,3,18,2,0,2662,4,3,4,2,0,3,1,32,2,1,1,2,1,0,1,1,1,0.731058494,1,VERDADERO,VERDADERO
271,3,12,4,2,1402,2,3,3,1,0,4,2,37,2,0,1,2,1,1,0,1,1,0.731058586,1,VERDADERO,VERDADERO
272,1,48,1,0,12169,4,0,4,2,1,4,3,36,2,2,1,3,1,1,0,1,1,0.731058419,1,VERDADERO,VERDADERO
273,1,48,2,3,3060,0,3,4,2,0,4,0,28,2,1,2,2,1,0,0,0,0,0.583877375,1,VERDADERO,FALSO
274,0,30,2,5,11998,0,1,1,0,0,1,3,34,2,1,1,1,1,1,0,0,0,0.500000409,0,VERDADERO,VERDADERO
275,3,9,2,3,2697,0,2,1,2,0,2,0,32,2,1,1,2,2,0,0,1,1,0.731058515,1,VERDADERO,VERDADERO
276,3,18,4,3,2404,0,2,2,1,0,2,2,26,2,1,2,2,1,0,0,1,1,0.73105857,1,VERDADERO,VERDADERO
277,0,12,2,2,1262,4,4,2,0,0,4,1,49,2,1,1,1,1,1,0,1,1,0.731058459,1,VERDADERO,VERDADERO
278,3,6,2,2,4611,0,1,1,1,0,4,1,32,2,1,1,2,1,0,0,0,0,0.500000371,0,VERDADERO,VERDADERO
279,3,24,2,3,1901,1,2,4,2,0,4,2,29,2,0,1,3,1,1,0,1,1,0.731058558,1,VERDADERO,VERDADERO
280,3,15,4,1,3368,3,4,3,2,0,4,3,23,2,0,2,2,1,1,0,1,1,0.73105839,1,VERDADERO,VERDADERO
281,3,12,2,2,1574,0,2,4,2,0,2,0,50,2,1,1,2,1,0,0,1,1,0.731058471,1,VERDADERO,VERDADERO
282,2,18,1,3,1445,4,3,4,2,0,4,2,49,0,1,1,1,1,0,0,1,1,0.731058506,1,VERDADERO,VERDADERO
283,3,15,4,2,1520,4,4,4,2,0,4,1,63,2,1,1,2,1,0,0,1,1,0.684224272,1,VERDADERO,VERDADERO
284,1,24,4,0,3878,1,1,4,0,0,2,2,37,2,1,1,2,1,1,0,1,1,0.680057584,1,VERDADERO,VERDADERO
285,0,47,2,0,10722,0,1,1,1,0,1,0,35,2,1,1,1,1,1,0,1,1,0.731058421,1,VERDADERO,VERDADERO
286,0,48,2,1,4788,0,3,4,2,0,3,1,26,2,1,1,2,2,0,0,1,1,0.731058546,1,VERDADERO,VERDADERO
287,1,48,3,10,7582,1,0,2,2,0,4,3,31,2,2,1,3,1,1,0,1,1,0.731058472,1,VERDADERO,VERDADERO
288,1,12,2,3,1092,0,2,4,1,2,4,0,49,2,1,2,2,1,1,0,1,1,0.695001515,1,VERDADERO,VERDADERO
289,0,24,3,3,1024,0,1,4,3,0,4,0,48,1,1,1,2,1,0,0,0,0,0.500000283,0,VERDADERO,VERDADERO
290,3,12,2,9,1076,0,2,2,3,0,2,0,26,2,1,1,2,1,1,1,1,1,0.731058644,1,VERDADERO,VERDADERO
291,1,36,2,1,9398,0,1,1,3,0,4,2,28,2,0,1,3,1,1,0,0,0,0.500000207,0,VERDADERO,VERDADERO
292,0,24,4,1,6419,0,4,2,1,0,4,3,44,2,2,2,3,2,1,0,1,1,0.731058508,1,VERDADERO,VERDADERO
293,2,42,4,1,4796,0,4,4,2,0,4,3,56,2,2,1,2,1,0,0,1,1,0.731058522,1,VERDADERO,VERDADERO
294,3,48,4,9,7629,4,4,4,0,0,2,2,46,0,1,2,3,2,0,0,1,1,0.731058524,1,VERDADERO,VERDADERO
295,1,48,2,2,9960,0,1,1,1,0,2,2,26,2,1,1,2,1,1,0,0,0,0.50000023,0,VERDADERO,VERDADERO
296,3,12,2,1,4675,4,1,1,1,0,4,2,20,2,0,1,2,1,0,0,1,1,0.731058427,1,VERDADERO,VERDADERO
297,3,10,2,0,1287,4,4,4,2,1,2,1,45,2,1,1,1,1,0,1,1,1,0.713321859,1,VERDADERO,VERDADERO
298,3,18,2,2,2515,0,2,3,2,0,4,0,43,2,1,1,2,1,1,0,1,1,0.731058493,1,VERDADERO,VERDADERO
299,1,21,4,2,2745,3,3,3,2,0,2,2,32,2,1,2,2,1,1,0,1,1,0.731058611,1,VERDADERO,VERDADERO
300,3,6,2,0,672,0,0,1,1,0,4,0,54,2,1,1,0,1,1,0,1,1,0.731058421,1,VERDADERO,VERDADERO
301,1,36,0,3,3804,0,2,4,1,0,1,2,42,2,1,1,2,1,1,0,0,0,0.500000198,0,VERDADERO,VERDADERO
302,2,24,4,0,1344,4,3,4,2,0,2,0,37,0,1,2,1,2,0,0,0,0,0.500000194,0,VERDADERO,VERDADERO
303,0,10,4,0,1038,0,3,4,2,1,3,1,49,2,1,2,2,1,1,0,1,1,0.677519537,1,VERDADERO,VERDADERO
304,3,48,4,0,10127,2,2,2,2,0,2,3,44,0,2,1,2,1,0,0,0,0,0.50000024,0,VERDADERO,VERDADERO
305,3,6,2,2,1543,3,2,4,0,0,2,0,33,2,1,1,2,1,0,0,1,1,0.731058475,1,VERDADERO,VERDADERO
306,3,30,2,1,4811,4,3,2,1,0,4,1,24,1,0,1,1,1,0,0,1,1,0.731058426,1,VERDADERO,VERDADERO
307,0,12,2,3,727,1,1,4,3,0,3,3,33,2,1,1,1,1,1,0,0,0,0.500000247,0,VERDADERO,VERDADERO
308,1,8,2,2,1237,0,2,3,1,0,4,0,24,2,1,1,2,1,0,0,0,1,0.676793317,1,FALSO,FALSO
309,1,9,2,0,276,0,2,4,3,0,4,0,22,2,0,1,1,1,0,0,1,1,0.731058557,1,VERDADERO,VERDADERO
310,1,48,2,10,5381,4,0,3,2,0,4,3,40,0,2,1,0,1,1,0,1,1,0.73105857,1,VERDADERO,VERDADERO
311,3,24,2,2,5511,1,2,4,2,0,1,2,25,1,1,1,2,1,0,0,1,1,0.731058495,1,VERDADERO,VERDADERO
312,2,24,2,2,3749,0,1,2,1,0,4,2,26,2,1,1,2,1,0,0,1,1,0.731058579,1,VERDADERO,VERDADERO
313,1,12,2,0,685,0,3,2,3,0,3,2,25,0,1,1,1,1,0,0,0,0,0.500000162,0,VERDADERO,VERDADERO
314,2,4,2,0,1494,4,1,1,2,0,2,0,29,2,1,1,1,2,0,1,1,0,0.613747948,1,FALSO,VERDADERO
315,0,36,1,2,2746,0,4,4,2,0,4,2,31,0,1,1,2,1,0,0,0,0,0.500000067,0,VERDADERO,VERDADERO
316,0,12,2,2,708,0,2,2,2,2,3,1,38,2,1,1,1,2,0,0,1,1,0.731058468,1,VERDADERO,VERDADERO
317,1,24,2,2,4351,4,2,1,1,0,4,1,48,2,1,1,1,1,1,0,1,1,0.731058442,1,VERDADERO,VERDADERO
318,3,12,4,6,701,0,2,4,2,0,2,2,32,2,1,2,2,1,0,0,1,1,0.731058497,1,VERDADERO,VERDADERO
319,0,15,3,2,3643,0,4,1,1,0,4,1,27,2,1,2,1,1,0,0,1,1,0.731058452,1,VERDADERO,VERDADERO
320,1,30,4,0,4249,0,0,4,3,0,2,2,28,2,1,2,3,1,0,0,0,0,0.500000322,0,VERDADERO,VERDADERO
321,0,24,2,3,1938,0,1,4,0,0,3,1,32,2,1,1,2,1,0,0,0,0,0.602218825,1,VERDADERO,FALSO
322,0,24,2,1,2910,0,3,2,2,0,1,3,34,2,2,1,3,1,1,0,1,1,0.731058494,1,VERDADERO,VERDADERO
323,0,18,2,2,2659,3,2,4,2,0,2,2,28,2,1,1,2,1,0,0,1,1,0.731058454,1,VERDADERO,VERDADERO
324,3,18,4,0,1028,0,2,4,1,0,3,0,36,2,1,2,2,1,0,0,1,1,0.731058485,1,VERDADERO,VERDADERO
325,0,8,4,0,3398,0,3,1,2,0,4,0,39,2,1,2,1,1,0,1,1,1,0.731058461,1,VERDADERO,VERDADERO
326,3,12,4,2,5801,4,4,2,2,0,4,1,49,2,0,1,2,1,1,0,1,1,0.731058525,1,VERDADERO,VERDADERO
327,3,24,2,0,1525,3,3,4,1,0,3,2,34,2,1,1,2,2,1,0,1,1,0.719525114,1,VERDADERO,VERDADERO
328,2,36,2,3,4473,0,4,4,2,0,2,2,31,2,1,1,2,1,0,0,1,1,0.731058427,1,VERDADERO,VERDADERO
329,1,6,2,3,1068,0,4,4,2,0,4,2,28,2,1,1,2,2,0,0,1,1,0.68152399,1,VERDADERO,VERDADERO
330,0,24,4,1,6615,0,0,2,2,0,4,3,75,2,2,2,3,1,1,0,1,1,0.731058593,1,VERDADERO,VERDADERO
331,3,18,4,6,1864,1,2,4,1,0,2,0,30,2,1,2,2,1,0,0,0,0,0.500000238,0,VERDADERO,VERDADERO
332,1,60,2,0,7408,1,1,4,1,0,2,1,24,2,1,1,3,1,0,0,0,0,0.500000201,0,VERDADERO,VERDADERO
333,3,48,4,1,11590,1,2,2,1,0,4,2,24,0,0,2,1,1,0,0,0,0,0.50000013,0,VERDADERO,VERDADERO
334,0,24,0,2,4110,0,4,3,2,0,4,3,23,0,0,2,2,2,0,0,0,0,0.500000152,0,VERDADERO,VERDADERO
335,0,6,4,2,3384,0,2,1,0,0,4,0,44,2,0,1,3,1,1,0,0,0,0.500000253,0,VERDADERO,VERDADERO
336,1,13,2,3,2101,0,1,2,1,2,4,1,23,2,1,1,1,1,0,0,1,1,0.731058434,1,VERDADERO,VERDADERO
337,0,15,2,4,1275,4,2,4,1,0,2,2,24,2,0,1,2,1,0,0,0,0,0.500000348,0,VERDADERO,VERDADERO
338,0,24,2,2,4169,0,2,4,2,0,4,1,28,2,1,1,2,1,0,0,1,1,0.675282243,1,VERDADERO,VERDADERO
339,1,10,2,2,1521,0,2,4,0,0,2,2,31,2,1,1,1,1,0,0,1,0,0.595523222,1,FALSO,VERDADERO
340,1,24,4,6,5743,0,1,2,1,0,4,3,24,2,2,2,2,1,1,0,1,1,0.731058479,1,VERDADERO,VERDADERO
341,0,21,2,2,3599,0,3,1,1,0,4,2,26,2,0,1,1,1,0,0,1,1,0.731058493,1,VERDADERO,VERDADERO
342,1,18,2,3,3213,2,1,1,3,0,3,0,25,2,0,1,2,1,0,0,1,1,0.731058514,1,VERDADERO,VERDADERO
343,1,18,2,9,4439,0,4,1,2,1,1,0,33,0,1,1,3,1,1,0,1,1,0.720685444,1,VERDADERO,VERDADERO
344,2,10,2,0,3949,0,1,1,2,2,1,1,37,2,1,1,1,2,0,0,1,1,0.731058572,1,VERDADERO,VERDADERO
345,3,15,4,3,1459,0,2,4,1,0,2,2,43,2,1,1,1,1,0,0,1,1,0.7188472,1,VERDADERO,VERDADERO
346,1,13,4,3,882,0,1,4,2,2,4,0,23,2,1,2,2,1,0,0,1,1,0.731058484,1,VERDADERO,VERDADERO
347,1,24,2,3,3758,2,0,1,1,0,4,3,23,2,0,1,0,1,0,0,1,1,0.644844494,1,VERDADERO,VERDADERO
348,3,6,3,9,1743,1,2,1,2,0,2,0,34,2,1,2,1,1,0,0,1,1,0.73105856,1,VERDADERO,VERDADERO
349,1,9,4,6,1136,3,4,4,2,0,3,3,32,2,2,2,2,2,0,0,0,0,0.500000202,0,VERDADERO,VERDADERO
350,3,9,2,4,1236,0,1,1,1,0,4,0,23,2,0,1,2,1,1,0,1,1,0.731058481,1,VERDADERO,VERDADERO
351,1,9,2,2,959,0,2,1,1,0,2,2,29,2,1,1,2,1,0,1,0,1,0.664328472,1,FALSO,FALSO
352,3,18,4,1,3229,4,0,2,2,0,4,3,38,2,1,1,3,1,1,0,1,1,0.731058438,1,VERDADERO,VERDADERO
353,0,12,0,3,6199,0,2,4,2,0,2,1,28,2,0,2,2,1,1,0,0,0,0.500000254,0,VERDADERO,VERDADERO
354,3,10,2,6,727,2,4,4,2,0,4,3,46,2,2,1,2,1,1,0,1,1,0.731058499,1,VERDADERO,VERDADERO
355,1,24,2,0,1246,0,1,4,2,0,2,0,23,1,1,1,1,1,0,0,0,0,0.500000386,0,VERDADERO,VERDADERO
356,3,12,4,3,2331,4,4,1,2,1,4,0,49,2,1,1,2,1,1,0,1,1,0.731058473,1,VERDADERO,VERDADERO
357,3,36,3,3,4463,0,2,4,2,0,2,2,26,2,1,2,3,1,1,0,0,0,0.500000092,0,VERDADERO,VERDADERO
358,3,12,2,3,776,0,2,4,3,0,2,0,28,2,1,1,2,1,0,0,1,0,0.548865273,1,FALSO,VERDADERO
359,0,30,2,2,2406,0,3,4,1,0,4,0,23,2,0,1,2,1,0,0,0,0,0.500000386,0,VERDADERO,VERDADERO
360,1,18,2,6,1239,4,2,4,2,0,4,3,61,2,2,1,2,1,0,0,1,1,0.731058434,1,VERDADERO,VERDADERO
361,2,12,2,3,3399,4,4,2,2,0,3,2,37,2,1,1,3,1,0,0,1,1,0.764275177,1,VERDADERO,VERDADERO
362,2,12,3,0,2247,0,2,2,1,0,2,2,36,1,1,2,2,1,1,0,1,1,0.731058479,1,VERDADERO,VERDADERO
363,3,6,2,2,1766,0,2,1,3,0,2,1,21,2,0,1,2,1,0,0,1,1,0.731058526,1,VERDADERO,VERDADERO
364,0,18,2,2,2473,0,0,4,2,0,1,2,25,2,1,1,0,1,0,0,0,0,0.500000101,0,VERDADERO,VERDADERO
365,3,12,2,9,1542,0,3,2,2,0,4,2,36,2,1,1,2,1,1,0,1,1,0.73105839,1,VERDADERO,VERDADERO
366,3,18,4,1,3850,0,3,3,2,0,1,2,27,2,1,2,2,1,0,0,1,1,0.731058363,1,VERDADERO,VERDADERO
367,0,18,2,2,3650,0,1,1,1,0,4,2,22,2,0,1,2,1,0,0,1,1,0.638754421,1,VERDADERO,VERDADERO
368,0,36,2,2,3446,0,4,4,2,0,2,2,42,2,1,1,2,2,0,0,0,0,0.50000026,0,VERDADERO,VERDADERO
369,1,18,2,2,3001,0,3,2,1,0,4,0,40,2,0,1,2,1,0,0,1,1,0.731058575,1,VERDADERO,VERDADERO
370,3,36,2,0,3079,4,2,4,2,0,4,0,36,2,1,1,2,1,0,0,1,1,0.731058543,1,VERDADERO,VERDADERO
371,3,18,4,3,6070,0,4,3,2,0,4,2,33,2,1,2,2,1,1,0,1,1,0.778888567,1,VERDADERO,VERDADERO
372,3,10,4,2,2146,0,1,1,1,0,3,0,23,2,0,2,2,1,0,0,1,1,0.731058485,1,VERDADERO,VERDADERO
373,3,60,4,0,13756,4,4,2,2,0,4,3,63,0,2,1,3,1,1,0,1,1,0.731058478,1,VERDADERO,VERDADERO
374,1,60,1,10,14782,1,4,3,1,0,4,3,60,0,2,2,3,1,1,0,0,0,0.500000324,0,VERDADERO,VERDADERO
375,0,48,1,9,7685,0,3,2,1,2,4,2,37,2,0,1,2,1,0,0,0,0,0.500000125,0,VERDADERO,VERDADERO
376,3,18,3,3,2320,0,0,2,3,0,3,0,34,2,1,2,2,1,0,0,1,1,0.731058522,1,VERDADERO,VERDADERO
377,3,7,3,3,846,4,4,3,2,0,4,3,36,2,2,1,2,1,0,0,1,1,0.731058507,1,VERDADERO,VERDADERO
378,1,36,2,0,14318,0,4,4,2,0,2,3,57,2,2,1,3,1,1,0,0,0,0.500000172,0,VERDADERO,VERDADERO
379,3,6,4,0,362,1,2,4,1,0,4,2,52,2,1,2,1,1,0,0,1,1,0.731058535,1,VERDADERO,VERDADERO
380,0,20,2,2,2212,4,3,4,2,0,4,2,39,2,1,1,2,1,1,0,1,1,0.731058468,1,VERDADERO,VERDADERO
381,1,18,2,1,12976,0,0,3,1,0,4,3,38,2,2,1,3,1,1,0,0,0,0.500000023,0,VERDADERO,VERDADERO
382,3,22,2,0,1283,4,3,4,1,0,4,1,25,2,0,1,2,1,0,0,1,1,0.757431795,1,VERDADERO,VERDADERO
383,2,12,2,0,1330,0,1,4,2,0,1,0,26,2,1,1,2,1,0,0,1,1,0.731058512,1,VERDADERO,VERDADERO
384,3,30,3,9,4272,1,2,2,2,0,2,1,26,2,1,2,1,1,0,0,1,1,0.731058489,1,VERDADERO,VERDADERO
385,3,18,4,3,2238,0,2,2,1,0,1,2,25,2,1,2,2,1,0,0,1,1,0.731058493,1,VERDADERO,VERDADERO
386,3,18,2,3,1126,4,1,4,1,0,2,0,21,2,0,1,2,1,1,0,1,1,0.665855328,1,VERDADERO,VERDADERO
387,1,18,4,2,7374,0,0,4,2,0,4,1,40,1,1,2,3,1,1,0,1,1,0.731058476,1,VERDADERO,VERDADERO
388,1,15,4,9,2326,2,2,2,2,0,4,2,27,0,1,1,2,1,0,0,1,1,0.731058385,1,VERDADERO,VERDADERO
389,3,9,2,9,1449,0,3,3,1,0,2,2,27,2,1,2,2,1,0,0,1,1,0.731058304,1,VERDADERO,VERDADERO
390,3,18,2,0,1820,0,2,2,3,0,2,1,30,2,1,1,3,1,1,0,1,1,0.731058512,1,VERDADERO,VERDADERO
391,1,12,2,2,983,3,1,1,1,0,4,0,19,2,0,1,1,1,0,0,1,1,0.673519862,1,VERDADERO,VERDADERO
392,0,36,2,0,3249,0,3,2,2,0,4,3,39,0,2,1,3,2,1,0,1,1,0.731058348,1,VERDADERO,VERDADERO
393,0,6,4,3,1957,0,3,1,1,0,4,2,31,2,1,1,2,1,0,0,1,1,0.731058419,1,VERDADERO,VERDADERO
394,3,9,4,2,2406,0,0,2,2,0,3,2,31,2,1,1,3,1,0,0,1,1,0.70987346,1,VERDADERO,VERDADERO
395,1,39,3,6,11760,1,3,2,2,0,3,3,32,2,0,1,2,1,1,0,1,1,0.731058425,1,VERDADERO,VERDADERO
396,0,12,2,2,2578,0,0,3,1,0,4,3,55,2,2,1,3,1,0,0,1,1,0.731058594,1,VERDADERO,VERDADERO
397,0,36,4,2,2348,0,2,3,3,0,2,1,46,2,1,2,2,1,1,0,1,1,0.731058527,1,VERDADERO,VERDADERO
398,1,12,2,0,1223,0,4,1,0,0,1,0,46,2,0,2,2,1,0,0,0,0,0.500000163,0,VERDADERO,VERDADERO
399,3,24,4,3,1516,3,2,4,1,0,1,0,43,2,1,2,1,1,0,0,1,1,0.637012563,1,VERDADERO,VERDADERO
400,3,18,2,3,1473,0,1,3,3,0,4,0,39,2,1,1,2,1,1,0,1,1,0.731058605,1,VERDADERO,VERDADERO
401,1,18,4,9,1887,4,2,4,3,0,4,0,28,0,1,2,2,1,0,0,1,1,0.731058508,1,VERDADERO,VERDADERO
402,3,24,3,9,8648,0,1,2,2,0,2,2,27,0,1,2,2,1,1,0,0,0,0.50000023,0,VERDADERO,VERDADERO
403,3,14,3,0,802,0,2,4,2,0,2,2,27,2,1,2,1,1,0,0,1,1,0.731058544,1,VERDADERO,VERDADERO
404,1,18,3,0,2899,4,4,4,2,0,4,2,43,2,1,1,2,2,0,0,1,1,0.735277404,1,VERDADERO,VERDADERO
405,1,24,2,3,2039,0,1,1,3,0,1,1,22,2,1,1,2,1,1,0,0,0,0.500000207,0,VERDADERO,VERDADERO
406,3,24,4,1,2197,4,3,4,2,0,4,2,43,2,1,2,2,2,1,0,1,1,0.731058451,1,VERDADERO,VERDADERO
407,0,15,2,3,1053,0,1,4,3,0,2,0,27,2,1,1,2,1,0,1,1,1,0.731058459,1,VERDADERO,VERDADERO
408,3,24,2,3,3235,2,4,3,0,0,2,2,26,2,1,1,3,1,1,0,1,1,0.731058517,1,VERDADERO,VERDADERO
409,2,12,4,0,939,2,3,4,3,0,2,0,28,2,1,3,2,1,1,0,0,0,0.500000296,0,VERDADERO,VERDADERO
410,1,24,2,3,1967,0,4,4,1,0,4,2,20,2,1,1,2,1,1,0,1,1,0.731058558,1,VERDADERO,VERDADERO
411,3,33,4,1,7253,0,3,3,2,0,2,2,35,2,1,2,3,1,1,0,1,1,0.731058523,1,VERDADERO,VERDADERO
412,3,12,4,9,2292,0,0,4,2,0,2,2,42,1,1,2,3,1,1,0,0,1,0.754596789,1,FALSO,FALSO
413,3,10,2,0,1597,2,2,3,2,0,2,3,40,2,0,1,1,2,0,1,1,1,0.75392353,1,VERDADERO,VERDADERO
414,0,24,2,0,1381,4,2,4,1,0,2,1,35,2,1,1,2,1,0,0,0,0,0.500000147,0,VERDADERO,VERDADERO
415,3,36,4,1,5842,0,4,2,2,0,2,1,35,2,1,2,2,2,1,0,1,1,0.731058489,1,VERDADERO,VERDADERO
416,0,12,2,0,2579,0,1,4,2,0,1,0,33,2,1,1,1,2,0,0,0,0,0.50000034,0,VERDADERO,VERDADERO
417,0,18,3,6,8471,4,2,1,1,0,2,2,23,2,0,2,2,1,1,0,1,1,0.731058571,1,VERDADERO,VERDADERO
418,3,21,2,0,2782,2,3,1,1,0,2,2,31,0,1,1,3,1,0,0,1,1,0.731058427,1,VERDADERO,VERDADERO
419,1,18,2,0,1042,4,2,4,1,0,2,1,33,2,1,1,2,1,0,0,0,1,0.632328735,1,FALSO,FALSO
420,3,15,2,0,3186,3,3,2,1,0,3,2,20,2,0,1,2,1,0,0,1,1,0.731058419,1,VERDADERO,VERDADERO
421,1,12,2,1,2028,4,2,4,2,0,2,2,30,2,1,1,2,1,0,0,1,1,0.731058434,1,VERDADERO,VERDADERO
422,1,12,4,0,958,0,3,2,2,0,3,0,47,2,1,2,1,2,0,0,1,0,0.600973017,1,FALSO,VERDADERO
423,3,21,3,2,1591,1,3,4,2,0,3,0,34,2,1,2,3,1,0,0,1,1,0.66942775,1,VERDADERO,VERDADERO
424,1,12,2,2,2762,4,4,1,1,0,2,1,25,0,1,1,2,1,1,0,0,0,0.500000123,0,VERDADERO,VERDADERO
425,1,18,2,1,2779,0,2,1,3,0,3,2,21,2,0,1,2,1,1,0,1,1,0.731058484,1,VERDADERO,VERDADERO
426,3,28,4,3,2743,0,4,4,2,0,2,2,29,2,1,2,2,1,0,0,1,1,0.731058472,1,VERDADERO,VERDADERO
427,3,18,4,3,1149,3,2,4,2,0,3,0,46,2,1,2,2,1,0,0,1,1,0.731058512,1,VERDADERO,VERDADERO
428,3,9,2,2,1313,0,4,1,2,0,4,2,20,2,1,1,2,1,0,0,1,1,0.731058429,1,VERDADERO,VERDADERO
429,0,18,4,5,1190,0,0,2,1,0,4,3,55,2,2,3,0,2,0,0,0,0,0.500000288,0,VERDADERO,VERDADERO
430,3,5,2,9,3448,0,3,1,2,0,4,0,74,2,1,1,1,1,0,0,1,1,0.731058496,1,VERDADERO,VERDADERO
431,1,24,2,10,11328,0,2,2,2,1,3,2,29,0,1,2,3,1,1,0,0,0,0.500000341,0,VERDADERO,VERDADERO
432,0,6,4,2,1872,0,0,4,2,0,4,3,36,2,2,3,3,1,1,0,1,1,0.731058492,1,VERDADERO,VERDADERO
433,3,24,4,5,2058,0,2,4,0,0,2,0,33,2,1,2,2,1,1,0,1,1,0.731058617,1,VERDADERO,VERDADERO
434,0,9,2,2,2136,0,2,3,2,0,2,0,25,2,1,1,2,1,0,0,1,1,0.731058519,1,VERDADERO,VERDADERO
435,1,12,2,3,1484,4,2,2,3,0,1,0,25,2,1,1,2,1,1,0,0,1,0.659421243,1,FALSO,FALSO
436,3,6,2,5,660,2,3,2,3,0,4,0,23,2,0,1,1,1,0,0,1,1,0.679925524,1,VERDADERO,VERDADERO
437,3,24,4,0,1287,3,4,4,1,0,4,0,37,2,1,2,2,1,1,0,1,1,0.731058535,1,VERDADERO,VERDADERO
438,0,42,4,5,3394,0,0,4,2,1,4,2,65,2,1,2,0,1,0,0,1,1,0.70371706,1,VERDADERO,VERDADERO
439,2,12,1,9,609,0,1,4,1,0,1,0,26,2,1,1,0,1,0,0,0,0,0.500000306,0,VERDADERO,VERDADERO
440,3,12,2,0,1884,0,4,4,2,0,4,2,39,2,1,1,3,1,1,0,1,1,0.731058519,1,VERDADERO,VERDADERO
441,0,12,2,2,1620,0,2,2,1,1,3,1,30,2,1,1,2,1,0,0,1,1,0.731058473,1,VERDADERO,VERDADERO
442,1,20,3,10,2629,0,2,2,2,0,3,2,29,0,1,2,2,1,1,0,1,1,0.731058522,1,VERDADERO,VERDADERO
443,3,12,2,6,719,0,4,4,2,0,4,2,41,0,1,1,1,2,0,0,0,0,0.500000252,0,VERDADERO,VERDADERO
444,1,48,4,2,5096,0,2,2,1,0,3,2,30,2,1,1,3,1,1,0,0,0,0.500000152,0,VERDADERO,VERDADERO
445,3,9,4,6,1244,4,4,4,1,0,4,1,41,2,0,2,1,1,0,0,1,1,0.731058506,1,VERDADERO,VERDADERO
446,0,36,2,0,1842,0,1,4,1,0,4,2,34,2,1,1,2,1,1,0,0,0,0.500000292,0,VERDADERO,VERDADERO
447,1,7,2,3,2576,0,2,2,2,2,2,0,35,2,1,1,2,1,0,0,1,0,0.609311163,1,FALSO,VERDADERO
448,2,12,2,2,1424,4,4,3,1,0,4,0,55,2,1,1,3,1,1,0,1,1,0.731058413,1,VERDADERO,VERDADERO
449,1,15,3,5,1512,3,2,3,3,0,3,1,61,1,1,2,2,1,0,0,0,1,0.628329912,1,FALSO,FALSO
450,3,36,4,1,11054,4,2,4,2,0,2,2,30,2,1,1,3,1,1,0,1,1,0.731058455,1,VERDADERO,VERDADERO
451,3,6,2,3,518,0,2,3,1,0,1,0,29,2,1,1,2,1,0,0,1,1,0.731058654,1,VERDADERO,VERDADERO
452,3,12,0,2,2759,0,4,2,2,0,4,1,34,2,1,2,2,1,0,0,1,0,0.578209406,1,FALSO,VERDADERO
453,3,24,2,1,2670,0,4,4,2,0,4,2,35,2,1,1,3,1,1,0,1,1,0.731058556,1,VERDADERO,VERDADERO
454,0,24,2,0,4817,0,3,2,2,1,3,1,31,2,1,1,2,1,1,0,0,0,0.500000168,0,VERDADERO,VERDADERO
455,3,24,2,1,2679,0,1,4,1,0,1,3,29,2,1,1,3,1,1,0,1,1,0.731058459,1,VERDADERO,VERDADERO
456,0,11,4,0,3905,0,2,2,2,0,2,0,36,2,0,2,2,2,0,0,1,1,0.731058626,1,VERDADERO,VERDADERO
457,0,12,2,1,3386,0,4,3,2,0,4,3,35,2,2,1,2,1,1,0,0,0,0.500000148,0,VERDADERO,VERDADERO
458,0,6,2,4,343,0,1,4,1,0,1,0,27,2,1,1,2,1,0,0,1,1,0.731058536,1,VERDADERO,VERDADERO
459,3,18,2,3,4594,0,1,3,2,0,2,2,32,2,1,1,2,1,1,0,1,0,0.574568834,1,FALSO,VERDADERO
460,0,36,2,2,3620,0,2,1,2,2,2,1,37,2,1,1,2,2,0,0,1,1,0.70778311,1,VERDADERO,VERDADERO
461,0,15,2,0,1721,0,1,2,2,0,3,0,36,2,1,1,2,1,0,0,1,1,0.731058466,1,VERDADERO,VERDADERO
462,1,12,2,2,3017,0,1,3,1,0,1,0,34,2,0,1,3,1,0,0,1,1,0.731058489,1,VERDADERO,VERDADERO
463,1,12,2,8,754,4,4,4,2,0,4,1,38,2,1,2,2,1,0,0,1,1,0.731058506,1,VERDADERO,VERDADERO
464,3,18,2,9,1950,0,3,4,2,0,1,2,34,1,1,2,2,1,1,0,1,1,0.731058522,1,VERDADERO,VERDADERO
465,0,24,2,1,2924,0,2,3,2,2,4,3,63,0,1,1,2,2,1,0,1,1,0.731058559,1,VERDADERO,VERDADERO
466,0,24,3,3,1659,0,1,4,1,0,2,2,29,2,0,1,1,1,1,0,0,0,0.500000224,0,VERDADERO,VERDADERO
467,3,48,3,3,7238,4,4,3,2,0,3,2,32,0,1,2,2,2,0,0,1,1,0.685464516,1,VERDADERO,VERDADERO
468,3,33,3,9,2764,0,2,2,1,0,2,2,26,2,1,2,2,1,1,0,1,1,0.731058517,1,VERDADERO,VERDADERO
469,3,24,3,1,4679,0,3,3,2,0,3,2,35,2,1,2,1,1,1,0,1,1,0.731058525,1,VERDADERO,VERDADERO
470,1,24,2,3,3092,1,1,3,3,0,2,2,22,2,0,1,2,1,1,0,0,0,0.500000177,0,VERDADERO,VERDADERO
471,0,6,2,6,448,0,1,4,1,0,4,1,23,2,1,1,2,1,0,0,0,1,0.680794079,1,FALSO,FALSO
472,0,9,2,0,654,0,2,4,2,0,3,2,28,2,1,1,1,1,0,0,0,0,0.50000009,0,VERDADERO,VERDADERO
473,3,6,2,8,1238,4,0,4,2,0,4,1,36,2,1,1,3,2,1,0,1,1,0.66863866,1,VERDADERO,VERDADERO
474,1,18,4,3,1245,0,2,4,3,0,2,2,33,2,1,1,2,1,0,0,0,1,0.653025676,1,FALSO,FALSO
475,0,18,0,2,3114,0,1,1,1,0,4,1,26,2,0,1,2,1,0,0,0,0,0.50000022,0,VERDADERO,VERDADERO
476,3,39,2,1,2569,2,2,4,2,0,4,2,24,2,1,1,2,1,0,0,1,1,0.690183442,1,VERDADERO,VERDADERO
477,2,24,2,3,5152,0,3,4,2,0,2,2,25,0,1,1,2,1,0,0,1,1,0.731058504,1,VERDADERO,VERDADERO
478,1,12,2,9,1037,1,3,3,2,0,4,0,39,2,1,1,1,1,0,0,1,1,0.731058647,1,VERDADERO,VERDADERO
479,0,15,4,2,1478,0,4,4,2,0,4,2,44,2,1,2,2,2,1,0,1,1,0.731058582,1,VERDADERO,VERDADERO
480,1,12,4,3,3573,0,2,1,1,0,1,0,23,2,1,1,1,1,0,0,1,1,0.731058562,1,VERDADERO,VERDADERO
481,1,24,2,0,1201,0,1,4,2,0,1,1,26,2,1,1,2,1,0,0,1,1,0.731058478,1,VERDADERO,VERDADERO
482,0,30,2,2,3622,3,4,4,1,0,4,1,57,2,0,2,2,1,1,0,1,1,0.646438373,1,VERDADERO,VERDADERO
483,3,15,3,2,960,3,3,3,1,0,2,1,30,2,1,2,2,1,0,0,1,1,0.731058489,1,VERDADERO,VERDADERO
484,3,12,4,0,1163,2,2,4,2,0,4,0,44,2,1,1,2,1,1,0,1,1,0.731058635,1,VERDADERO,VERDADERO
485,1,6,3,0,1209,0,0,4,2,0,4,1,47,2,1,1,3,1,1,0,0,0,0.500000257,0,VERDADERO,VERDADERO
486,3,12,2,3,3077,0,2,2,2,0,4,2,52,2,1,1,2,1,1,0,1,0,0.598434765,1,FALSO,VERDADERO
487,3,24,2,0,3757,0,4,4,1,1,4,3,62,2,2,1,2,1,1,0,1,1,0.731058425,1,VERDADERO,VERDADERO
488,3,10,2,0,1418,1,2,3,2,0,2,0,35,2,0,1,1,1,0,1,1,1,0.731058583,1,VERDADERO,VERDADERO
489,3,6,2,0,3518,0,2,2,2,2,3,1,26,2,0,1,2,1,0,0,1,1,0.731058548,1,VERDADERO,VERDADERO
490,3,12,4,3,1934,0,4,2,2,0,2,3,26,2,1,2,2,1,0,0,1,1,0.723660937,1,VERDADERO,VERDADERO
491,1,27,0,9,8318,0,4,2,1,0,4,3,42,2,2,2,3,1,1,0,0,0,0.500000206,0,VERDADERO,VERDADERO
492,3,6,4,3,1237,1,2,1,1,0,1,1,27,2,1,2,2,1,0,0,1,1,0.731058313,1,VERDADERO,VERDADERO
493,1,6,2,3,368,4,4,4,2,0,4,1,38,2,1,1,2,1,0,0,1,1,0.731058502,1,VERDADERO,VERDADERO
494,0,12,4,0,2122,0,2,3,2,0,2,0,39,2,0,2,1,2,0,1,1,1,0.731058562,1,VERDADERO,VERDADERO
495,0,24,2,2,2996,4,2,2,3,0,4,2,20,2,1,1,2,1,0,0,0,0,0.500000362,0,VERDADERO,VERDADERO
496,1,36,2,2,9034,1,1,4,2,1,1,3,29,2,0,1,3,1,1,0,0,0,0.500000281,0,VERDADERO,VERDADERO
497,3,24,4,2,1585,0,3,4,2,0,3,1,40,2,1,2,2,1,0,0,1,1,0.731058487,1,VERDADERO,VERDADERO
498,1,18,2,3,1301,0,4,4,3,2,2,0,32,2,1,1,1,1,0,0,1,1,0.731058393,1,VERDADERO,VERDADERO
499,2,6,4,0,1323,1,4,2,0,0,4,2,28,2,1,2,2,2,1,0,1,1,0.669153258,1,VERDADERO,VERDADERO
500,0,24,2,0,3123,0,1,4,1,0,1,1,27,2,1,1,2,1,0,0,0,1,0.722547302,1,FALSO,FALSO
501,0,36,2,1,5493,0,4,2,2,0,4,3,42,2,2,1,2,2,0,0,1,1,0.73105851,1,VERDADERO,VERDADERO
502,2,9,2,3,1126,1,4,2,0,0,4,0,49,2,1,1,2,1,0,0,1,1,0.731058434,1,VERDADERO,VERDADERO
503,1,24,4,3,1216,1,1,4,2,0,4,3,38,0,1,2,2,2,0,0,0,0,0.500000257,0,VERDADERO,VERDADERO
504,0,24,2,0,1207,0,1,4,1,0,4,1,24,2,0,1,2,1,0,0,0,0,0.568358462,1,VERDADERO,FALSO
505,3,10,2,0,1309,4,2,4,2,2,4,1,27,2,1,1,1,1,0,0,0,1,0.727476523,1,FALSO,FALSO
506,2,15,4,1,2360,2,2,2,2,0,2,2,36,2,1,1,2,1,1,0,1,1,0.731058573,1,VERDADERO,VERDADERO
507,1,15,1,0,6850,1,0,1,2,0,2,1,34,2,1,1,3,2,1,0,0,0,0.500000143,0,VERDADERO,VERDADERO
508,3,24,2,3,1413,0,2,4,3,0,2,1,28,2,1,1,2,1,0,0,1,1,0.73105846,1,VERDADERO,VERDADERO
509,3,39,2,1,8588,1,4,4,2,0,2,2,45,2,1,1,3,1,1,0,1,1,0.731058527,1,VERDADERO,VERDADERO
510,0,12,2,0,759,0,3,4,2,0,2,0,26,2,1,1,2,1,0,0,0,1,0.637847003,1,FALSO,FALSO
511,3,36,2,1,4686,0,2,2,2,0,2,3,32,2,2,1,3,1,1,0,1,1,0.731058508,1,VERDADERO,VERDADERO
512,2,15,2,9,2687,0,3,2,2,0,4,1,26,2,0,1,2,1,1,0,1,1,0.731058419,1,VERDADERO,VERDADERO
513,1,12,3,3,585,0,2,4,3,1,4,0,20,2,0,2,2,1,0,0,1,1,0.731058568,1,VERDADERO,VERDADERO
514,3,24,2,0,2255,4,1,4,2,0,1,1,54,2,1,1,2,1,0,0,1,1,0.73105852,1,VERDADERO,VERDADERO
515,0,6,4,0,609,0,3,4,1,0,3,1,37,2,1,2,2,1,0,1,1,1,0.731058384,1,VERDADERO,VERDADERO
516,0,6,4,0,1361,0,1,2,2,0,4,0,40,2,1,1,1,2,0,1,1,1,0.731058428,1,VERDADERO,VERDADERO
517,3,36,4,2,7127,0,1,2,1,0,4,1,23,2,0,2,2,1,1,0,0,0,0.500000276,0,VERDADERO,VERDADERO
518,0,6,2,0,1203,1,4,3,2,0,2,1,43,2,1,1,2,1,1,0,1,1,0.731058481,1,VERDADERO,VERDADERO
519,3,6,4,3,700,4,4,4,2,0,4,3,36,2,2,2,2,1,0,0,1,1,0.73105848,1,VERDADERO,VERDADERO
520,3,24,4,5,5507,0,4,3,2,0,4,3,44,2,2,2,2,1,0,0,1,1,0.731058492,1,VERDADERO,VERDADERO
521,0,18,2,3,3190,0,2,2,1,0,2,0,24,2,1,1,2,1,0,0,0,0,0.500000139,0,VERDADERO,VERDADERO
522,0,48,0,2,7119,0,2,3,2,0,4,3,53,2,2,2,2,2,0,0,0,0,0.500000149,0,VERDADERO,VERDADERO
523,3,24,2,1,3488,1,3,3,1,0,4,2,23,2,1,1,2,1,0,0,1,1,0.73105858,1,VERDADERO,VERDADERO
524,1,18,2,3,1113,0,2,4,1,2,4,0,26,2,1,1,1,2,0,0,1,1,0.731058442,1,VERDADERO,VERDADERO
525,1,26,2,1,7966,0,1,2,2,0,3,2,30,2,1,2,2,1,0,0,1,1,0.731058419,1,VERDADERO,VERDADERO
526,3,15,4,6,1532,1,2,4,1,0,3,2,31,2,1,1,2,1,0,0,1,1,0.731058416,1,VERDADERO,VERDADERO
527,3,4,4,3,1503,0,3,2,2,0,1,0,42,2,1,2,1,2,0,0,1,1,0.731058493,1,VERDADERO,VERDADERO
528,0,36,2,3,2302,0,2,4,0,0,4,2,31,2,0,1,2,1,0,0,0,0,0.500000301,0,VERDADERO,VERDADERO
529,0,6,2,0,662,0,1,3,2,0,4,0,41,2,1,1,1,2,1,0,1,1,0.731058575,1,VERDADERO,VERDADERO
530,1,36,2,6,2273,0,3,3,2,0,1,2,32,2,1,2,2,2,0,0,1,0,0.61135719,1,FALSO,VERDADERO
531,1,15,2,0,2631,1,2,2,1,0,4,2,28,2,0,2,2,1,1,0,0,0,0.500000064,0,VERDADERO,VERDADERO
532,3,12,3,1,1503,0,2,4,3,0,4,0,41,2,0,1,2,1,0,0,1,1,0.731058476,1,VERDADERO,VERDADERO
533,3,24,2,3,1311,1,3,4,3,0,3,1,26,2,1,1,2,1,1,0,1,0,0.538429219,1,FALSO,VERDADERO
534,3,24,2,3,3105,4,1,4,2,0,2,2,25,2,1,2,2,1,0,0,1,1,0.731058609,1,VERDADERO,VERDADERO
535,2,21,4,6,2319,0,1,2,0,0,1,2,33,2,0,1,2,1,0,0,0,0,0.500000245,0,VERDADERO,VERDADERO
536,0,6,2,0,1374,4,0,4,1,0,3,1,75,2,1,1,3,1,1,0,1,1,0.731058561,1,VERDADERO,VERDADERO
537,1,18,4,2,3612,0,4,3,1,0,4,1,37,2,1,1,2,1,1,0,1,1,0.731058518,1,VERDADERO,VERDADERO
538,0,48,2,0,7763,0,4,4,2,0,4,3,42,0,2,1,3,1,0,0,0,0,0.500000237,0,VERDADERO,VERDADERO
539,2,18,2,2,3049,0,1,1,1,0,1,1,45,1,1,1,1,1,0,0,1,1,0.731058384,1,VERDADERO,VERDADERO
540,1,12,2,3,1534,0,1,1,3,0,1,0,23,2,0,1,2,1,0,0,0,1,0.664446645,1,FALSO,FALSO
541,3,24,3,0,2032,0,4,4,2,0,4,3,60,2,2,2,2,1,1,0,1,1,0.731058418,1,VERDADERO,VERDADERO
542,0,30,2,2,6350,4,4,4,2,0,4,1,31,2,1,1,2,1,0,0,0,0,0.500000141,0,VERDADERO,VERDADERO
543,2,18,2,2,2864,0,2,2,2,0,1,0,34,2,1,1,1,2,0,0,0,0,0.615239624,1,VERDADERO,FALSO
544,3,12,4,0,1255,0,4,4,2,0,4,0,61,2,1,2,1,1,0,0,1,1,0.73105857,1,VERDADERO,VERDADERO
545,0,24,3,0,1333,0,0,4,2,0,2,0,43,2,2,2,2,2,0,0,0,0,0.500000222,0,VERDADERO,VERDADERO
546,3,24,4,0,2022,0,2,4,1,0,4,2,37,2,1,1,2,1,1,0,1,1,0.731058523,1,VERDADERO,VERDADERO
547,3,24,2,3,1552,0,3,3,2,0,1,2,32,0,1,1,2,2,0,0,1,0,0.506345053,1,FALSO,VERDADERO
548,0,12,1,3,626,0,2,4,1,0,4,0,24,0,1,1,1,1,0,0,0,1,0.657558465,1,FALSO,FALSO
549,3,48,4,1,8858,4,3,2,2,0,1,3,35,2,2,2,2,1,1,0,1,1,0.73105836,1,VERDADERO,VERDADERO
550,3,12,4,5,996,4,3,4,1,0,4,0,23,2,1,2,2,1,0,0,1,1,0.731058456,1,VERDADERO,VERDADERO
551,3,6,1,3,1750,2,4,2,2,0,4,1,45,0,1,1,1,2,0,0,1,1,0.764047316,1,VERDADERO,VERDADERO
552,0,48,2,3,6999,0,3,1,3,2,1,0,34,2,1,2,2,1,1,0,0,0,0.50000011,0,VERDADERO,VERDADERO
553,1,12,4,0,1995,1,1,4,2,0,1,2,27,2,1,1,2,1,0,0,1,0,0.544388147,1,FALSO,VERDADERO
554,1,9,2,6,1199,0,3,4,1,0,4,1,67,2,1,2,3,1,1,0,1,1,0.731058518,1,VERDADERO,VERDADERO
555,1,12,2,3,1331,0,1,2,2,0,1,2,22,1,1,1,2,1,0,0,0,0,0.500000098,0,VERDADERO,VERDADERO
556,1,18,0,0,2278,1,1,3,1,0,3,2,28,2,1,2,2,1,0,0,0,0,0.500000211,0,VERDADERO,VERDADERO
557,3,21,0,0,5003,4,2,1,1,0,4,1,29,0,1,2,2,1,1,0,0,0,0.622005428,1,VERDADERO,FALSO
558,0,24,1,2,3552,0,3,3,2,0,4,2,27,0,1,1,2,1,0,0,0,0,0.500000233,0,VERDADERO,VERDADERO
559,1,18,4,2,1928,0,1,2,2,0,2,0,31,2,1,2,1,1,0,0,0,0,0.500000063,0,VERDADERO,VERDADERO
560,0,24,2,1,2964,4,4,4,2,0,4,3,49,0,2,1,2,2,1,0,1,0,0.573629523,1,FALSO,VERDADERO
561,0,24,1,3,1546,0,3,4,2,2,4,2,24,0,0,1,1,1,0,0,0,0,0.500000163,0,VERDADERO,VERDADERO
562,2,6,3,3,683,0,1,2,1,0,1,1,29,0,1,1,2,1,0,0,1,1,0.731058571,1,VERDADERO,VERDADERO
563,1,36,2,0,12389,4,2,1,2,0,4,3,37,2,2,1,2,1,1,0,0,0,0.500000204,0,VERDADERO,VERDADERO
564,1,24,3,9,4712,4,2,4,2,0,2,1,37,0,1,2,3,1,1,0,1,1,0.731058518,1,VERDADERO,VERDADERO
565,1,24,3,3,1553,1,3,3,1,0,2,1,23,2,0,2,2,1,1,0,1,1,0.731058464,1,VERDADERO,VERDADERO
566,0,12,2,0,1372,0,3,2,0,0,3,2,36,2,1,1,2,1,0,0,0,0,0.500000171,0,VERDADERO,VERDADERO
567,3,24,4,3,2578,3,4,2,2,0,2,2,34,2,1,1,2,1,0,0,1,1,0.731058587,1,VERDADERO,VERDADERO
568,1,48,2,3,3979,4,3,4,2,0,1,2,41,2,1,2,2,2,1,0,1,1,0.731058468,1,VERDADERO,VERDADERO
569,0,48,2,3,6758,0,2,3,1,0,2,2,31,2,1,1,2,1,1,0,0,0,0.500000289,0,VERDADERO,VERDADERO
570,0,24,2,2,3234,0,1,4,1,0,4,0,23,2,0,1,1,1,1,0,0,0,0.500000196,0,VERDADERO,VERDADERO
571,3,30,4,3,5954,0,3,3,2,1,2,2,38,2,1,1,2,1,0,0,1,1,0.684450509,1,VERDADERO,VERDADERO
572,3,24,2,1,5433,4,0,2,1,0,4,1,26,2,0,1,3,1,1,0,1,1,0.661245614,1,VERDADERO,VERDADERO
573,0,15,2,9,806,0,2,4,1,0,4,1,22,2,1,1,1,1,0,0,1,1,0.731058562,1,VERDADERO,VERDADERO
574,1,9,2,3,1082,0,4,4,2,0,4,2,27,2,1,2,1,1,0,0,1,1,0.731058613,1,VERDADERO,VERDADERO
575,3,15,4,2,2788,0,3,2,1,1,3,2,24,0,1,2,2,1,0,0,1,1,0.731058478,1,VERDADERO,VERDADERO
576,1,12,2,3,2930,0,3,2,1,0,1,0,27,2,1,1,2,1,0,0,1,1,0.701519181,1,VERDADERO,VERDADERO
577,3,24,4,6,1927,4,2,3,1,0,2,2,33,2,1,2,2,1,1,0,1,1,0.731058514,1,VERDADERO,VERDADERO
578,1,36,4,0,2820,0,1,4,0,0,4,2,27,2,1,2,2,1,0,0,0,0,0.613712154,1,VERDADERO,FALSO
579,3,24,2,8,937,0,1,4,3,0,3,2,27,2,1,2,1,1,0,0,1,1,0.731058669,1,VERDADERO,VERDADERO
580,1,18,4,0,1056,0,4,3,2,2,3,0,30,0,1,2,2,1,0,0,0,0,0.500000278,0,VERDADERO,VERDADERO
581,1,12,4,0,3124,0,1,1,2,0,3,0,49,0,1,2,1,2,0,0,1,1,0.731058555,1,VERDADERO,VERDADERO
582,3,9,2,2,1388,0,2,4,1,0,2,0,26,2,0,1,2,1,0,0,1,1,0.731058603,1,VERDADERO,VERDADERO
583,1,36,2,5,2384,0,1,4,2,0,1,3,33,2,0,1,1,1,0,0,0,0,0.500000204,0,VERDADERO,VERDADERO
584,3,12,2,0,2133,4,4,4,1,0,4,3,52,2,2,1,3,1,1,0,1,1,0.731058535,1,VERDADERO,VERDADERO
585,0,18,2,2,2039,0,2,1,1,0,4,0,20,0,0,1,2,1,0,0,0,1,0.67041576,1,FALSO,FALSO
586,0,9,4,0,2799,0,2,2,2,0,2,0,36,2,0,2,2,2,0,0,1,1,0.731058432,1,VERDADERO,VERDADERO
587,0,12,2,2,1289,0,2,4,2,2,1,1,21,2,1,1,1,1,0,0,1,1,0.731058453,1,VERDADERO,VERDADERO
588,0,18,2,4,1217,0,2,4,3,0,3,0,47,2,1,1,1,1,1,0,0,1,0.776784924,1,FALSO,FALSO
589,0,12,4,2,2246,0,4,3,2,0,3,1,60,2,1,2,2,1,0,0,0,0,0.500000237,0,VERDADERO,VERDADERO
590,0,12,4,3,385,0,3,4,1,0,3,0,58,2,1,4,1,1,1,0,1,1,0.731058563,1,VERDADERO,VERDADERO
591,1,24,3,0,1965,4,2,4,1,0,4,2,42,2,0,2,2,1,1,0,1,1,0.731058437,1,VERDADERO,VERDADERO
592,3,21,2,9,1572,3,4,4,1,0,4,0,36,0,1,1,1,1,0,0,1,1,0.73105856,1,VERDADERO,VERDADERO
593,1,24,2,0,2718,0,2,3,1,0,4,1,20,2,0,1,1,1,1,0,0,1,0.660747993,1,FALSO,FALSO
594,0,24,1,10,1358,4,4,4,2,0,3,2,40,1,1,1,3,1,1,0,0,0,0.500000359,0,VERDADERO,VERDADERO
595,1,6,1,0,931,1,1,1,1,0,1,1,32,1,1,1,1,1,0,0,0,0,0.5000004,0,VERDADERO,VERDADERO
596,0,24,2,0,1442,0,3,4,1,0,4,2,23,2,0,2,2,1,0,0,0,0,0.500000373,0,VERDADERO,VERDADERO
597,1,24,0,9,4241,0,2,1,2,0,4,0,36,2,1,3,1,1,1,0,0,0,0.500000358,0,VERDADERO,VERDADERO
598,3,18,4,0,2775,0,3,2,2,0,2,1,31,0,1,2,2,1,0,0,0,0,0.500000082,0,VERDADERO,VERDADERO
599,3,24,3,9,3863,0,2,1,2,0,2,3,32,2,2,1,2,1,0,0,1,1,0.731058564,1,VERDADERO,VERDADERO
600,1,7,2,3,2329,0,1,1,1,2,1,0,45,2,1,1,2,1,0,0,1,1,0.731058457,1,VERDADERO,VERDADERO
601,1,9,2,2,918,0,2,4,1,0,1,1,30,2,1,1,2,1,0,0,0,1,0.765953946,1,FALSO,FALSO
602,1,24,1,6,1837,0,3,4,1,0,4,3,34,0,2,1,1,1,0,0,0,0,0.500000129,0,VERDADERO,VERDADERO
603,3,36,2,2,3349,0,2,4,1,0,2,2,28,2,1,1,3,1,1,0,0,0,0.500000095,0,VERDADERO,VERDADERO
604,2,10,2,2,1275,0,1,4,1,0,2,1,23,2,1,1,2,1,0,0,1,1,0.731058466,1,VERDADERO,VERDADERO
605,0,24,1,2,2828,2,2,4,2,0,4,0,22,1,1,1,2,1,1,0,1,1,0.731058456,1,VERDADERO,VERDADERO
606,3,24,4,9,4526,0,2,3,2,0,2,0,74,2,1,1,3,1,1,0,1,1,0.731058558,1,VERDADERO,VERDADERO
607,1,36,2,3,2671,1,2,4,1,1,4,3,50,2,2,1,2,1,0,0,0,0,0.500000347,0,VERDADERO,VERDADERO
608,3,18,2,3,2051,0,1,4,2,0,1,0,33,2,1,1,2,1,0,0,1,1,0.731058467,1,VERDADERO,VERDADERO
609,3,15,2,1,1300,4,4,4,2,0,4,3,45,0,2,1,2,2,0,0,1,1,0.714954898,1,VERDADERO,VERDADERO
610,0,12,2,4,741,1,0,4,1,0,3,1,22,2,1,1,2,1,0,0,0,0,0.500000196,0,VERDADERO,VERDADERO
611,2,10,2,0,1240,1,4,1,1,0,4,3,48,2,2,1,1,2,0,0,0,0,0.500000283,0,VERDADERO,VERDADERO
612,0,21,2,3,3357,3,1,4,1,0,2,2,29,0,1,1,2,1,0,0,1,1,0.731058583,1,VERDADERO,VERDADERO
613,0,24,1,1,3632,0,2,1,1,2,4,2,22,0,0,1,2,1,0,1,1,1,0.731058473,1,VERDADERO,VERDADERO
614,3,18,3,2,1808,0,3,4,1,0,1,0,22,2,1,1,2,1,0,0,0,0,0.500000246,0,VERDADERO,VERDADERO
615,1,48,0,9,12204,4,2,2,2,0,2,2,48,0,1,1,3,1,1,0,1,1,0.731058465,1,VERDADERO,VERDADERO
616,1,60,3,3,9157,4,2,2,2,0,2,3,27,2,2,1,3,1,0,0,1,1,0.731058448,1,VERDADERO,VERDADERO
617,0,6,4,0,3676,0,2,1,2,0,3,0,37,2,0,3,2,2,0,0,1,1,0.731058517,1,VERDADERO,VERDADERO
618,1,30,2,2,3441,1,2,2,1,1,4,2,21,2,0,1,2,1,0,0,0,0,0.581341399,1,VERDADERO,FALSO
619,3,12,2,0,640,0,2,4,0,0,2,0,49,2,1,1,1,1,0,0,1,1,0.731058524,1,VERDADERO,VERDADERO
620,1,21,4,9,3652,0,3,2,2,0,3,1,27,2,1,2,2,1,0,0,1,1,0.731058369,1,VERDADERO,VERDADERO
621,3,18,4,0,1530,0,2,3,2,0,2,1,32,0,1,2,2,1,0,0,0,0,0.500000357,0,VERDADERO,VERDADERO
622,3,48,2,9,3914,4,2,4,0,0,2,0,38,0,1,1,2,1,0,0,0,1,0.753880799,1,FALSO,FALSO
623,0,12,2,2,1858,0,1,4,1,0,1,2,22,2,0,1,2,1,0,0,1,1,0.731058582,1,VERDADERO,VERDADERO
624,0,18,2,3,2600,0,2,4,2,0,4,3,65,2,2,2,2,1,0,0,0,0,0.500000173,0,VERDADERO,VERDADERO
625,3,15,2,3,1979,4,4,4,2,0,2,2,35,2,1,1,2,1,0,0,1,1,0.731058542,1,VERDADERO,VERDADERO
626,2,6,2,2,2116,0,2,2,2,0,2,0,41,2,1,1,2,1,1,0,1,1,0.731058414,1,VERDADERO,VERDADERO
627,1,9,1,0,1437,1,3,2,2,0,3,3,29,2,1,1,2,1,0,0,0,0,0.500000015,0,VERDADERO,VERDADERO
628,3,42,4,2,4042,2,2,4,2,0,4,0,36,2,1,2,2,1,1,0,1,1,0.731058334,1,VERDADERO,VERDADERO
629,3,9,2,6,3832,4,4,1,2,0,4,0,64,2,1,1,1,1,0,0,1,1,0.731058626,1,VERDADERO,VERDADERO
630,0,24,2,3,3660,0,2,2,1,0,4,2,28,2,1,1,2,1,0,0,1,1,0.731058384,1,VERDADERO,VERDADERO
631,0,18,1,2,1553,0,2,4,2,0,3,2,44,0,1,1,2,1,0,0,0,0,0.500000281,0,VERDADERO,VERDADERO
632,1,15,2,3,1444,4,1,4,2,0,1,1,23,2,1,1,2,1,0,0,1,1,0.73105849,1,VERDADERO,VERDADERO
633,3,9,2,2,1980,0,1,2,1,1,2,2,19,2,0,2,2,1,0,0,0,0,0.50000018,0,VERDADERO,VERDADERO
634,1,24,2,0,1355,0,1,3,1,0,4,2,25,2,1,1,1,1,1,0,0,0,0.500000112,0,VERDADERO,VERDADERO
635,3,12,2,6,1393,0,4,4,2,0,4,1,47,0,1,3,2,2,1,0,1,1,0.731058496,1,VERDADERO,VERDADERO
636,3,24,2,3,1376,2,3,4,1,0,1,2,28,2,1,1,2,1,0,0,1,1,0.756029435,1,VERDADERO,VERDADERO
637,3,60,3,3,15653,0,3,2,2,0,4,2,21,2,1,2,2,1,1,0,1,1,0.731058494,1,VERDADERO,VERDADERO
638,3,12,2,3,1493,0,1,4,1,0,3,2,34,2,1,1,2,2,0,0,1,1,0.680242389,1,VERDADERO,VERDADERO
639,0,42,3,3,4370,0,3,3,2,0,2,1,26,0,1,2,2,2,1,0,0,0,0.500000223,0,VERDADERO,VERDADERO
640,0,18,2,6,750,0,0,4,1,0,1,0,27,2,1,1,0,1,0,0,0,0,0.500000261,0,VERDADERO,VERDADERO
641,1,15,2,5,1308,0,4,4,2,0,4,2,38,2,1,2,1,1,0,0,1,1,0.731058521,1,VERDADERO,VERDADERO
642,3,15,2,6,4623,1,2,3,2,0,2,1,40,2,1,1,3,1,1,0,0,0,0.500000139,0,VERDADERO,VERDADERO
643,3,24,4,3,1851,0,3,4,3,2,2,2,33,2,1,2,2,1,1,0,1,1,0.731058566,1,VERDADERO,VERDADERO
644,0,18,4,3,1880,0,3,4,3,0,1,1,32,2,1,2,3,1,1,0,1,1,0.731058592,1,VERDADERO,VERDADERO
645,3,36,3,9,7980,4,1,4,2,0,4,2,27,2,0,2,2,1,1,0,0,0,0.500000108,0,VERDADERO,VERDADERO
646,0,30,0,2,4583,0,2,2,0,2,2,0,32,2,1,2,2,1,0,0,1,1,0.73105851,1,VERDADERO,VERDADERO
647,3,12,2,0,1386,2,2,2,1,0,2,1,26,2,1,1,2,1,0,0,0,1,0.702521401,1,FALSO,FALSO
648,2,24,2,0,947,0,3,4,2,0,3,3,38,0,2,1,2,2,0,0,0,1,0.693282404,1,FALSO,FALSO
649,0,12,2,6,684,0,2,4,2,0,4,2,40,2,0,1,1,2,0,0,0,0,0.500000281,0,VERDADERO,VERDADERO
650,0,48,2,6,7476,0,3,4,2,0,1,3,50,2,2,1,3,1,1,0,1,1,0.731058532,1,VERDADERO,VERDADERO
651,1,12,2,2,1922,0,2,4,2,0,2,1,37,2,1,1,1,1,0,0,0,0,0.618343487,1,VERDADERO,FALSO
652,0,24,2,0,2303,0,4,4,2,1,1,0,45,2,1,1,2,1,0,0,0,1,0.703818118,1,FALSO,FALSO
653,1,36,3,0,8086,1,4,2,2,0,4,2,42,2,1,4,3,1,1,0,0,0,0.500000219,0,VERDADERO,VERDADERO
654,3,24,4,1,2346,0,3,4,2,0,3,2,35,2,1,2,2,1,1,0,1,1,0.731058403,1,VERDADERO,VERDADERO
655,0,14,2,0,3973,0,0,1,2,0,4,3,22,2,2,1,2,1,0,0,1,1,0.731058554,1,VERDADERO,VERDADERO
656,1,12,2,0,888,0,4,4,2,0,4,2,41,0,1,1,1,2,0,0,0,0,0.500000238,0,VERDADERO,VERDADERO
657,3,48,2,3,10222,4,3,4,2,0,3,2,37,1,1,1,2,1,1,0,1,1,0.731058514,1,VERDADERO,VERDADERO
658,1,30,0,9,4221,0,2,2,1,0,1,2,28,2,1,2,2,1,0,0,1,1,0.731058597,1,VERDADERO,VERDADERO
659,1,18,4,2,6361,0,4,2,2,0,1,3,41,2,1,1,2,1,1,0,1,1,0.731058501,1,VERDADERO,VERDADERO
660,2,12,2,3,1297,0,2,3,3,0,4,0,23,2,0,1,2,1,0,0,1,1,0.649348423,1,VERDADERO,VERDADERO
661,0,12,2,0,900,4,2,4,3,0,2,2,23,2,1,1,2,1,0,0,0,0,0.50000036,0,VERDADERO,VERDADERO
662,3,21,2,2,2241,0,4,4,2,0,2,0,50,2,1,2,2,1,0,0,1,1,0.731058422,1,VERDADERO,VERDADERO
663,1,6,3,2,1050,0,0,4,2,0,1,1,35,1,1,2,3,1,1,0,1,1,0.731058621,1,VERDADERO,VERDADERO
664,2,6,4,6,1047,0,2,2,1,0,4,1,50,2,1,1,1,1,0,0,1,1,0.731058533,1,VERDADERO,VERDADERO
665,3,24,4,10,6314,0,0,4,2,1,2,3,27,0,1,2,3,1,1,0,1,1,0.731058493,1,VERDADERO,VERDADERO
666,1,30,1,2,3496,3,2,4,2,0,2,2,34,1,1,1,2,2,1,0,1,1,0.663761557,1,VERDADERO,VERDADERO
667,3,48,1,9,3609,0,2,1,1,0,1,0,27,1,1,1,2,1,0,0,1,1,0.632451101,1,VERDADERO,VERDADERO
668,0,12,4,0,4843,0,4,3,2,1,4,1,43,2,0,2,2,1,1,0,0,0,0.50000028,0,VERDADERO,VERDADERO
669,2,30,4,3,3017,0,4,4,2,0,4,1,47,2,1,1,2,1,0,0,1,1,0.731058582,1,VERDADERO,VERDADERO
670,3,24,4,9,4139,1,2,3,2,0,3,1,27,2,1,2,1,1,1,0,1,1,0.731058559,1,VERDADERO,VERDADERO
671,3,36,2,9,5742,1,3,2,2,0,2,2,31,2,1,2,2,1,1,0,1,1,0.731058585,1,VERDADERO,VERDADERO
672,3,60,2,0,10366,0,4,2,2,0,4,1,42,2,1,1,3,1,1,0,1,1,0.731058434,1,VERDADERO,VERDADERO
673,3,6,4,0,2080,2,2,1,3,0,2,2,24,2,1,1,2,1,0,0,1,1,0.731058485,1,VERDADERO,VERDADERO
674,3,21,3,9,2580,2,1,4,2,0,2,0,41,0,1,1,1,2,0,0,0,0,0.500000264,0,VERDADERO,VERDADERO
675,3,30,4,3,4530,0,3,4,1,0,4,2,26,2,0,1,3,1,1,0,1,1,0.641024189,1,VERDADERO,VERDADERO
676,3,24,4,2,5150,0,4,4,2,0,4,2,33,2,1,1,2,1,1,0,1,1,0.731058599,1,VERDADERO,VERDADERO
677,1,72,2,3,5595,1,2,2,3,0,2,2,24,2,1,1,2,1,0,0,0,0,0.500000292,0,VERDADERO,VERDADERO
678,0,24,2,3,2384,0,4,4,2,0,4,0,64,0,0,1,1,1,0,0,1,1,0.731058483,1,VERDADERO,VERDADERO
679,3,18,2,3,1453,0,1,3,1,0,1,0,26,2,1,1,2,1,0,0,1,1,0.731058503,1,VERDADERO,VERDADERO
680,3,6,2,6,1538,0,1,1,1,0,2,3,56,2,1,1,2,1,0,0,1,1,0.731058523,1,VERDADERO,VERDADERO
681,3,12,2,3,2279,4,2,4,2,0,4,3,37,2,2,1,2,1,1,0,1,1,0.731058362,1,VERDADERO,VERDADERO
682,3,15,3,3,1478,0,2,4,3,0,3,0,33,0,1,2,2,1,0,0,1,1,0.647055691,1,VERDADERO,VERDADERO
683,3,24,4,3,5103,0,1,3,3,0,3,3,47,2,2,3,2,1,1,0,1,1,0.672903656,1,VERDADERO,VERDADERO
684,1,36,3,9,9857,1,3,1,2,0,3,1,31,2,1,2,1,2,1,0,1,1,0.731058528,1,VERDADERO,VERDADERO
685,3,60,2,0,6527,4,2,4,2,0,4,3,34,2,2,1,2,2,1,0,1,1,0.682052545,1,VERDADERO,VERDADERO
686,2,10,4,3,1347,4,3,4,2,0,2,1,27,2,1,2,2,1,1,0,1,1,0.731058499,1,VERDADERO,VERDADERO
687,1,36,3,0,2862,1,4,4,2,0,3,3,30,2,2,1,2,1,0,0,1,1,0.731058363,1,VERDADERO,VERDADERO
688,3,9,2,3,2753,1,4,3,2,1,4,2,35,2,1,1,2,1,1,0,1,1,0.662833853,1,VERDADERO,VERDADERO
689,0,12,2,0,3651,3,2,1,2,0,3,1,31,2,1,1,2,2,0,0,1,1,0.731058577,1,VERDADERO,VERDADERO
690,0,15,4,2,975,0,2,2,0,0,3,1,25,2,1,2,2,1,0,0,1,1,0.731058585,1,VERDADERO,VERDADERO
691,1,15,2,5,2631,1,2,3,1,0,2,0,25,2,1,1,1,1,0,0,1,1,0.731058435,1,VERDADERO,VERDADERO
692,1,24,2,3,2896,1,1,2,2,0,1,2,29,2,1,1,2,1,0,0,1,1,0.662937136,1,VERDADERO,VERDADERO
693,0,6,4,0,4716,4,1,1,2,0,3,0,44,2,1,2,1,2,0,0,1,1,0.657385543,1,VERDADERO,VERDADERO
694,3,24,2,3,2284,0,3,4,2,0,2,2,28,2,1,1,2,1,1,0,1,1,0.731058496,1,VERDADERO,VERDADERO
695,3,6,2,1,1236,2,2,2,2,0,4,1,50,2,0,1,2,1,0,0,1,1,0.731058478,1,VERDADERO,VERDADERO
696,1,12,2,3,1103,0,3,4,2,2,3,0,29,2,1,2,2,1,0,1,1,1,0.73105843,1,VERDADERO,VERDADERO
697,3,12,4,0,926,0,0,1,1,0,2,1,38,2,1,1,0,1,0,0,1,1,0.731058657,1,VERDADERO,VERDADERO
698,3,18,4,3,1800,0,2,4,2,0,2,2,24,2,1,2,2,1,0,0,1,1,0.73105851,1,VERDADERO,VERDADERO
699,2,15,2,6,1905,0,4,4,2,0,4,2,40,2,0,1,3,1,1,0,1,1,0.731058504,1,VERDADERO,VERDADERO
700,3,12,2,2,1123,2,2,4,1,0,4,2,29,2,0,1,1,1,0,0,0,0,0.500000321,0,VERDADERO,VERDADERO
701,0,48,4,1,6331,0,4,4,2,0,4,3,46,2,2,2,2,1,1,0,0,0,0.500000244,0,VERDADERO,VERDADERO
702,2,24,2,3,1377,1,4,4,1,0,2,3,47,2,2,1,2,1,1,0,1,1,0.731058597,1,VERDADERO,VERDADERO
703,1,30,3,9,2503,1,4,4,2,0,2,1,41,1,1,2,2,1,0,0,1,1,0.731058514,1,VERDADERO,VERDADERO
704,1,27,2,9,2528,0,1,4,1,0,1,1,32,2,1,1,2,2,1,0,1,1,0.731058475,1,VERDADERO,VERDADERO
705,3,15,2,0,5324,2,4,1,1,0,4,3,35,2,2,1,2,1,0,0,1,1,0.731058618,1,VERDADERO,VERDADERO
706,1,48,2,0,6560,1,3,3,2,0,2,1,24,2,1,1,2,1,0,0,0,1,0.683432359,1,FALSO,FALSO
707,1,12,0,2,2969,0,1,4,1,0,3,1,25,2,0,2,2,1,0,0,0,1,0.765041124,1,FALSO,FALSO
708,1,9,2,3,1206,0,4,4,1,0,4,0,25,2,1,1,2,1,0,0,1,1,0.731058542,1,VERDADERO,VERDADERO
709,1,9,2,3,2118,0,2,2,2,0,2,0,37,2,1,1,1,2,0,0,1,1,0.731058676,1,VERDADERO,VERDADERO
710,3,18,4,3,629,2,4,4,2,0,3,1,32,0,1,2,3,1,1,0,1,1,0.708261254,1,VERDADERO,VERDADERO
711,0,6,1,6,1198,0,4,4,1,0,4,3,35,2,2,1,2,1,0,0,0,0,0.500000172,0,VERDADERO,VERDADERO
712,3,21,2,1,2476,4,4,4,2,0,4,0,46,2,1,1,3,1,1,0,1,1,0.731058341,1,VERDADERO,VERDADERO
713,0,9,4,3,1138,0,2,4,2,0,4,0,25,2,1,2,1,1,0,0,1,1,0.731058479,1,VERDADERO,VERDADERO
714,1,60,2,0,14027,0,3,4,2,0,2,3,27,2,1,1,3,1,1,0,0,0,0.500000297,0,VERDADERO,VERDADERO
715,3,30,4,1,7596,4,4,1,2,0,4,2,63,2,1,2,2,1,0,0,1,1,0.731058543,1,VERDADERO,VERDADERO
716,3,30,4,3,3077,4,4,3,2,0,2,2,40,2,1,2,2,2,1,0,1,1,0.731058586,1,VERDADERO,VERDADERO
717,3,18,2,3,1505,0,2,4,2,0,2,3,32,2,2,1,3,1,1,0,1,1,0.731058436,1,VERDADERO,VERDADERO
718,2,24,4,3,3148,4,2,3,2,0,2,2,31,2,1,2,2,1,1,0,1,1,0.731058529,1,VERDADERO,VERDADERO
719,1,20,0,1,6148,1,4,3,3,0,4,2,31,0,1,2,2,1,1,0,1,1,0.731058588,1,VERDADERO,VERDADERO
720,2,9,0,3,1337,0,1,4,2,0,2,2,34,2,1,2,3,1,1,0,0,0,0.500000219,0,VERDADERO,VERDADERO
721,1,6,1,6,433,3,1,4,1,0,2,1,24,0,0,1,2,2,0,0,0,1,0.693962135,1,FALSO,FALSO
722,0,12,2,0,1228,0,2,4,1,0,2,0,24,2,1,1,1,1,0,0,0,0,0.500000368,0,VERDADERO,VERDADERO
723,1,9,2,3,790,2,2,4,1,0,3,0,66,2,1,1,1,1,0,0,1,1,0.731058457,1,VERDADERO,VERDADERO
724,3,27,2,0,2570,0,2,3,1,0,3,0,21,2,0,1,2,1,0,0,0,0,0.500000231,0,VERDADERO,VERDADERO
725,3,6,4,0,250,3,2,2,1,0,2,0,41,0,1,2,1,1,0,0,1,0,0.613301904,1,FALSO,VERDADERO
726,3,15,4,3,1316,2,2,2,3,0,2,1,47,2,1,2,1,1,0,0,1,1,0.688083172,1,VERDADERO,VERDADERO
727,0,18,2,3,1882,0,2,4,1,0,4,2,25,0,0,2,2,1,0,0,0,0,0.500000266,0,VERDADERO,VERDADERO
728,1,48,1,9,6416,0,4,4,1,0,3,3,59,2,0,1,2,1,0,0,0,0,0.500000169,0,VERDADERO,VERDADERO
729,2,24,4,9,1275,3,2,2,0,0,4,0,36,2,1,2,2,1,1,0,1,1,0.731058347,1,VERDADERO,VERDADERO
730,1,24,3,3,6403,0,1,1,2,0,2,2,33,2,1,1,2,1,0,0,1,1,0.731058452,1,VERDADERO,VERDADERO
731,0,24,2,3,1987,0,2,2,2,0,4,0,21,2,0,1,1,2,0,0,0,0,0.500000174,0,VERDADERO,VERDADERO
732,1,8,2,3,760,0,3,4,1,2,2,0,44,2,1,1,1,1,0,0,1,1,0.731058507,1,VERDADERO,VERDADERO
733,3,24,2,1,2603,3,2,2,1,0,4,2,28,2,0,1,2,1,1,0,1,1,0.731058599,1,VERDADERO,VERDADERO
734,3,4,4,0,3380,0,3,1,1,0,1,0,37,2,1,1,2,2,0,0,1,1,0.731058432,1,VERDADERO,VERDADERO
735,1,36,1,4,3990,4,1,3,1,0,2,3,29,0,1,1,0,1,0,0,1,1,0.731058459,1,VERDADERO,VERDADERO
736,1,24,2,1,11560,0,2,1,1,0,4,2,23,2,0,2,3,1,0,0,0,0,0.499999977,0,VERDADERO,VERDADERO
737,0,18,2,0,4380,1,2,3,2,0,4,2,35,2,1,1,1,2,1,0,1,1,0.731058397,1,VERDADERO,VERDADERO
738,3,6,4,0,6761,0,3,1,2,0,3,3,45,2,1,2,3,2,1,0,1,1,0.731058603,1,VERDADERO,VERDADERO
739,1,30,0,9,4280,1,2,4,1,0,4,2,26,2,0,2,1,1,0,0,0,1,0.640513043,1,FALSO,FALSO
740,0,24,1,0,2325,1,3,2,2,0,3,2,32,0,1,1,2,1,0,0,1,1,0.731058466,1,VERDADERO,VERDADERO
741,1,10,1,3,1048,0,2,4,2,0,4,0,23,1,1,1,1,1,0,0,1,1,0.731058477,1,VERDADERO,VERDADERO
742,3,21,2,3,3160,4,4,4,2,0,3,1,41,2,1,1,2,1,1,0,1,1,0.753944242,1,VERDADERO,VERDADERO
743,0,24,1,2,2483,2,2,4,2,0,4,0,22,1,1,1,2,1,1,0,1,1,0.731058454,1,VERDADERO,VERDADERO
744,0,39,4,2,14179,4,3,4,2,0,4,1,30,2,1,2,3,1,1,0,1,1,0.73105848,1,VERDADERO,VERDADERO
745,0,13,4,9,1797,0,1,3,2,0,1,1,28,0,1,2,1,1,0,0,1,1,0.731058509,1,VERDADERO,VERDADERO
746,0,15,2,0,2511,0,0,1,1,0,4,2,23,2,0,1,2,1,0,0,1,1,0.728969878,1,VERDADERO,VERDADERO
747,0,12,2,0,1274,0,1,3,1,0,1,0,37,2,1,1,1,1,0,0,0,0,0.500000311,0,VERDADERO,VERDADERO
748,3,21,2,1,5248,4,2,1,2,0,3,2,26,2,1,1,2,1,0,0,1,1,0.699364698,1,VERDADERO,VERDADERO
749,3,15,2,1,3029,0,3,2,2,0,2,2,33,2,1,1,2,1,0,0,1,1,0.731058533,1,VERDADERO,VERDADERO
750,0,6,2,2,428,0,4,2,1,0,1,1,49,0,1,1,2,1,1,0,1,1,0.731058609,1,VERDADERO,VERDADERO
751,0,18,2,0,976,0,1,1,1,0,2,2,23,2,1,1,1,1,0,0,0,0,0.500000151,0,VERDADERO,VERDADERO
752,1,12,2,9,841,1,3,2,1,0,4,0,23,2,0,1,1,1,0,0,1,1,0.731058566,1,VERDADERO,VERDADERO
753,3,30,4,3,5771,0,3,4,1,0,2,2,25,2,1,2,2,1,0,0,1,1,0.7310585,1,VERDADERO,VERDADERO
754,3,12,3,5,1555,3,4,4,2,0,4,3,55,2,2,2,2,2,0,0,0,0,0.500000243,0,VERDADERO,VERDADERO
755,0,24,2,0,1285,4,3,4,1,0,4,3,32,2,0,1,2,1,0,0,0,0,0.500000213,0,VERDADERO,VERDADERO
756,2,6,4,0,1299,0,2,1,2,0,1,0,74,2,1,3,0,2,0,1,1,1,0.731058567,1,VERDADERO,VERDADERO
757,2,15,4,3,1271,4,2,3,2,0,4,3,39,2,2,2,2,1,1,0,0,0,0.557421034,1,VERDADERO,FALSO
758,3,24,2,0,1393,0,2,2,2,2,2,0,31,2,1,1,2,1,1,0,1,1,0.689216098,1,VERDADERO,VERDADERO
759,0,12,4,0,691,0,4,4,2,0,3,1,35,2,1,2,2,1,0,0,0,0,0.500000201,0,VERDADERO,VERDADERO
760,3,15,4,0,5045,4,4,1,1,0,4,2,59,2,1,1,2,1,1,0,1,1,0.731058588,1,VERDADERO,VERDADERO
761,0,18,4,2,2124,0,2,4,1,0,4,0,24,2,0,2,2,1,0,0,0,0,0.500000201,0,VERDADERO,VERDADERO
762,0,12,2,3,2214,0,2,4,2,0,3,1,24,2,1,1,1,1,0,0,1,1,0.720886453,1,VERDADERO,VERDADERO
763,3,21,4,0,12680,4,4,4,2,0,4,3,30,2,2,1,3,1,1,0,0,0,0.500000211,0,VERDADERO,VERDADERO
764,3,24,4,0,2463,1,3,4,3,0,3,1,27,2,1,2,2,1,1,0,1,1,0.731058525,1,VERDADERO,VERDADERO
765,1,12,2,3,1155,0,4,3,3,2,3,0,40,0,1,2,1,1,0,0,1,1,0.731058455,1,VERDADERO,VERDADERO
766,0,30,2,2,3108,0,1,2,0,0,4,1,31,2,1,1,1,1,0,0,0,0,0.500000388,0,VERDADERO,VERDADERO
767,3,10,2,1,2901,4,1,1,1,0,4,0,31,2,0,1,2,1,0,0,1,1,0.731058427,1,VERDADERO,VERDADERO
768,1,12,4,2,3617,0,4,1,2,0,4,2,28,2,0,3,2,1,1,0,1,1,0.731058526,1,VERDADERO,VERDADERO
769,3,12,4,3,1655,0,4,2,2,0,4,0,63,2,1,2,1,1,1,0,1,1,0.73105855,1,VERDADERO,VERDADERO
770,0,24,2,1,2812,4,4,2,1,0,4,0,26,2,0,1,2,1,0,0,1,1,0.731058546,1,VERDADERO,VERDADERO
771,0,36,4,6,8065,0,2,3,1,0,2,3,25,2,1,2,3,1,1,0,0,0,0.500000082,0,VERDADERO,VERDADERO
772,3,21,4,1,3275,0,4,1,2,0,4,2,36,2,1,1,3,1,1,0,1,1,0.731058609,1,VERDADERO,VERDADERO
773,3,24,4,3,2223,1,4,4,2,0,4,1,52,0,1,2,2,1,0,0,1,1,0.731058515,1,VERDADERO,VERDADERO
774,2,12,4,0,1480,2,0,2,2,0,4,3,66,0,2,3,0,1,0,0,1,1,0.626843095,1,VERDADERO,VERDADERO
775,0,24,2,0,1371,4,2,4,1,0,4,0,25,2,0,1,2,1,0,0,0,0,0.500000239,0,VERDADERO,VERDADERO
776,3,36,4,0,3535,0,3,4,2,0,4,2,37,2,1,2,2,1,1,0,1,1,0.731058607,1,VERDADERO,VERDADERO
777,0,18,2,3,3509,0,3,4,1,2,1,0,25,2,1,1,2,1,0,0,1,1,0.731058498,1,VERDADERO,VERDADERO
778,3,36,4,1,5711,3,4,4,2,0,2,2,38,2,1,2,3,1,1,0,1,1,0.731058594,1,VERDADERO,VERDADERO
779,1,18,2,5,3872,0,0,2,1,0,4,2,67,2,1,1,2,1,1,0,1,1,0.73105849,1,VERDADERO,VERDADERO
780,1,39,4,3,4933,0,3,2,2,2,2,0,25,2,1,2,2,1,0,0,0,0,0.500000305,0,VERDADERO,VERDADERO
781,3,24,4,0,1940,3,4,4,2,0,4,0,60,2,1,1,2,1,1,0,1,1,0.73105842,1,VERDADERO,VERDADERO
782,1,12,0,8,1410,0,2,2,2,0,2,0,31,2,1,1,1,1,1,0,1,1,0.731058481,1,VERDADERO,VERDADERO
783,1,12,2,0,836,1,1,4,1,0,2,1,23,0,1,1,1,1,0,0,0,1,0.675884704,1,FALSO,FALSO
784,1,20,2,1,6468,4,0,1,0,0,4,0,60,2,1,1,3,1,1,0,1,1,0.731058421,1,VERDADERO,VERDADERO
785,1,18,2,9,1941,3,2,4,2,0,2,1,35,2,1,1,1,1,1,0,1,1,0.627231535,1,VERDADERO,VERDADERO
786,3,22,2,3,2675,2,4,3,2,0,4,2,40,2,1,1,2,1,0,0,1,0,0.572983848,1,FALSO,VERDADERO
787,3,48,4,1,2751,4,4,4,2,0,3,2,38,2,1,2,2,2,1,0,1,1,0.731058587,1,VERDADERO,VERDADERO
788,1,48,3,6,6224,0,4,4,2,0,4,3,50,2,2,1,2,1,0,0,0,0,0.500000252,0,VERDADERO,VERDADERO
789,0,40,4,6,5998,0,2,4,2,0,3,3,27,0,1,1,2,1,1,0,0,0,0.500000271,0,VERDADERO,VERDADERO
790,1,21,2,9,1188,0,4,2,1,0,4,1,39,2,1,1,2,2,0,0,0,1,0.677509351,1,FALSO,FALSO
791,3,24,2,1,6313,4,4,3,2,0,4,2,41,2,1,1,3,2,1,0,1,1,0.731058403,1,VERDADERO,VERDADERO
792,3,6,4,2,1221,4,2,1,3,0,2,1,27,2,1,2,2,1,0,0,1,1,0.731058482,1,VERDADERO,VERDADERO
793,2,24,2,2,2892,0,4,3,0,0,4,3,51,2,2,1,2,1,0,0,1,1,0.73105848,1,VERDADERO,VERDADERO
794,3,24,2,2,3062,2,4,4,2,0,3,3,32,2,0,1,2,1,1,0,1,1,0.731058497,1,VERDADERO,VERDADERO
795,3,9,2,2,2301,1,1,2,1,0,4,1,22,2,0,1,2,1,0,0,1,1,0.731058451,1,VERDADERO,VERDADERO
796,0,18,2,1,7511,4,4,1,2,0,4,1,51,2,2,1,2,2,1,0,0,0,0.500000241,0,VERDADERO,VERDADERO
797,3,12,4,2,1258,0,1,2,1,0,4,1,22,2,0,2,1,1,0,0,1,1,0.731058487,1,VERDADERO,VERDADERO
798,3,24,3,0,717,4,4,4,3,0,4,2,54,2,1,2,2,1,1,0,1,1,0.731058596,1,VERDADERO,VERDADERO
799,1,9,2,0,1549,4,1,4,2,0,2,0,35,2,1,1,0,1,0,0,1,1,0.731058425,1,VERDADERO,VERDADERO
800,3,24,4,6,1597,0,4,4,2,0,4,3,54,2,2,2,2,2,0,0,1,1,0.731058502,1,VERDADERO,VERDADERO
801,1,18,4,3,1795,0,4,3,1,2,4,0,48,0,0,2,1,1,1,0,1,1,0.677512538,1,VERDADERO,VERDADERO
802,0,20,4,2,4272,0,4,1,1,0,4,1,24,2,1,2,2,1,0,0,1,1,0.731058479,1,VERDADERO,VERDADERO
803,3,12,4,3,976,4,4,4,2,0,4,2,35,2,1,2,2,1,0,0,1,1,0.731058554,1,VERDADERO,VERDADERO
804,1,12,2,0,7472,4,0,1,1,0,2,0,24,2,0,1,0,1,0,0,1,1,0.731058482,1,VERDADERO,VERDADERO
805,0,36,2,0,9271,0,3,2,2,0,1,2,24,2,1,1,2,1,1,0,0,0,0.500000139,0,VERDADERO,VERDADERO
806,1,6,2,3,590,0,1,3,3,0,3,0,26,2,1,1,1,1,0,1,1,1,0.678378736,1,VERDADERO,VERDADERO
807,3,12,4,3,930,4,4,4,2,0,4,0,65,2,1,4,2,1,0,0,1,1,0.820684082,1,VERDADERO,VERDADERO
808,1,42,1,1,9283,0,0,1,2,0,2,3,55,0,2,1,3,1,1,0,1,1,0.731058495,1,VERDADERO,VERDADERO
809,1,15,0,0,1778,0,1,2,1,0,1,0,26,2,0,2,0,1,0,0,0,0,0.500000207,0,VERDADERO,VERDADERO
810,1,8,2,9,907,0,1,3,3,0,2,0,26,2,1,1,2,1,1,0,1,1,0.723304834,1,VERDADERO,VERDADERO
811,1,6,2,3,484,0,3,3,3,2,3,0,28,0,1,1,1,1,0,0,1,1,0.73105846,1,VERDADERO,VERDADERO
812,0,36,4,1,9629,0,3,4,2,0,4,2,24,2,1,2,2,1,1,0,0,0,0.500000293,0,VERDADERO,VERDADERO
813,0,48,2,4,3051,0,2,3,2,0,4,2,54,2,1,1,2,1,0,0,0,0,0.50000014,0,VERDADERO,VERDADERO
814,0,48,2,0,3931,0,3,4,2,0,4,3,46,2,2,1,2,2,0,0,0,0,0.500000259,0,VERDADERO,VERDADERO
815,1,36,3,0,7432,0,2,2,1,0,2,1,54,2,0,1,2,1,0,0,1,1,0.731058559,1,VERDADERO,VERDADERO
816,3,6,2,4,1338,2,2,1,0,0,4,0,62,2,1,1,2,1,0,0,1,0,0.597738122,1,FALSO,VERDADERO
817,3,6,4,3,1554,0,3,1,1,0,2,2,24,2,0,2,2,1,1,0,1,1,0.731058467,1,VERDADERO,VERDADERO
818,0,36,2,10,15857,0,0,2,0,1,3,2,43,2,1,1,3,1,0,0,1,1,0.675677716,1,VERDADERO,VERDADERO
819,0,18,2,3,1345,0,2,4,3,0,3,0,26,0,1,1,2,1,0,0,0,1,0.660865989,1,FALSO,FALSO
820,3,12,2,0,1101,0,2,3,3,0,2,0,27,2,1,2,2,1,1,0,1,1,0.634875457,1,VERDADERO,VERDADERO
821,2,12,2,3,3016,0,2,3,3,0,1,2,24,2,1,1,2,1,0,0,1,1,0.731058514,1,VERDADERO,VERDADERO
822,0,36,2,2,2712,0,4,2,2,0,2,1,41,0,1,1,2,2,0,0,0,0,0.500000069,0,VERDADERO,VERDADERO
823,0,8,4,0,731,0,4,4,2,0,4,0,47,2,1,2,1,1,0,0,1,1,0.731058593,1,VERDADERO,VERDADERO
824,3,18,4,2,3780,0,1,3,0,0,2,2,35,2,1,2,3,1,1,0,1,1,0.731058616,1,VERDADERO,VERDADERO
825,0,21,4,0,1602,0,4,4,3,0,3,2,30,2,1,2,2,1,1,0,1,1,0.731058631,1,VERDADERO,VERDADERO
826,0,18,4,0,3966,0,4,1,1,0,4,0,33,0,0,3,2,1,1,0,0,0,0.500000189,0,VERDADERO,VERDADERO
827,3,18,0,9,4165,0,2,2,2,0,2,2,36,1,1,2,2,2,0,0,0,0,0.500000285,0,VERDADERO,VERDADERO
828,0,36,2,1,8335,4,4,3,2,0,4,3,47,2,2,1,2,1,0,0,0,0,0.500000232,0,VERDADERO,VERDADERO
829,1,48,3,9,6681,4,2,4,2,0,4,3,38,2,2,1,2,2,1,0,1,1,0.731058383,1,VERDADERO,VERDADERO
830,3,24,3,9,2375,2,2,4,2,0,2,2,44,2,1,2,2,2,1,0,1,1,0.646079384,1,VERDADERO,VERDADERO
831,0,18,2,0,1216,0,1,4,1,0,3,2,23,2,0,1,2,1,1,0,0,0,0.500000227,0,VERDADERO,VERDADERO
832,0,45,0,9,11816,0,4,2,2,0,4,2,29,2,0,2,2,1,0,0,0,0,0.500000298,0,VERDADERO,VERDADERO
833,1,24,2,3,5084,4,4,2,1,0,4,2,42,2,1,1,2,1,1,0,1,1,0.731058531,1,VERDADERO,VERDADERO
834,2,15,2,3,2327,0,1,2,1,0,3,0,25,2,1,1,1,1,0,0,0,0,0.500000164,0,VERDADERO,VERDADERO
835,0,12,0,0,1082,0,2,4,2,0,4,2,48,0,1,2,2,1,0,0,0,0,0.500000235,0,VERDADERO,VERDADERO
836,3,12,2,3,886,4,2,4,1,0,2,2,21,2,1,1,2,1,0,0,1,1,0.731058427,1,VERDADERO,VERDADERO
837,3,4,2,2,601,0,1,1,1,0,3,0,23,2,0,1,1,2,0,0,1,1,0.731058431,1,VERDADERO,VERDADERO
838,0,24,4,1,2957,0,4,4,2,0,4,1,63,2,1,2,2,1,1,0,1,1,0.731058458,1,VERDADERO,VERDADERO
839,3,24,4,3,2611,0,4,4,3,1,3,0,46,2,1,2,2,1,0,0,1,1,0.731058479,1,VERDADERO,VERDADERO
840,0,36,2,2,5179,0,3,4,2,0,2,1,29,2,1,1,2,1,0,0,0,0,0.500000238,0,VERDADERO,VERDADERO
841,3,21,3,1,2993,0,2,3,2,0,2,0,28,1,1,2,1,1,0,0,1,1,0.731058533,1,VERDADERO,VERDADERO
842,3,18,2,5,1943,0,1,4,1,0,4,0,23,2,1,1,2,1,0,0,0,1,0.696560864,1,FALSO,FALSO
843,3,24,1,9,1559,0,3,4,2,0,4,2,50,0,1,1,2,1,1,0,1,1,0.73105848,1,VERDADERO,VERDADERO
844,3,18,2,2,3422,0,4,4,2,0,4,1,47,0,1,3,2,2,1,0,1,1,0.731058513,1,VERDADERO,VERDADERO
845,1,21,2,2,3976,4,3,2,2,0,3,2,35,2,1,1,2,1,1,0,1,1,0.731058488,1,VERDADERO,VERDADERO
846,3,18,2,0,6761,4,2,2,2,0,4,2,68,2,0,2,2,1,0,0,0,0,0.500000301,0,VERDADERO,VERDADERO
847,3,24,2,0,1249,0,1,4,3,0,2,0,28,2,1,1,2,1,0,0,1,1,0.62290685,1,VERDADERO,VERDADERO
848,0,9,2,3,1364,0,3,3,2,0,4,0,59,2,1,1,2,1,0,0,1,1,0.731058452,1,VERDADERO,VERDADERO
849,0,12,2,3,709,0,4,4,2,0,4,0,57,1,1,1,1,1,0,0,0,0,0.500000367,0,VERDADERO,VERDADERO
850,0,20,4,0,2235,0,2,4,3,2,2,1,33,0,0,2,2,1,0,1,0,0,0.500000311,0,VERDADERO,VERDADERO
851,3,24,4,1,4042,4,3,3,2,0,4,1,43,2,1,2,2,1,1,0,1,1,0.731058649,1,VERDADERO,VERDADERO
852,3,15,4,3,1471,0,2,4,2,0,4,3,35,2,2,2,2,1,1,0,1,1,0.731058585,1,VERDADERO,VERDADERO
853,0,18,1,0,1442,0,3,4,2,0,4,3,32,2,2,2,1,2,0,0,0,0,0.500000218,0,VERDADERO,VERDADERO
854,3,36,3,0,10875,0,4,2,2,0,2,2,45,2,1,2,2,2,1,0,1,0,0.56952533,1,FALSO,VERDADERO
855,3,24,2,0,1474,1,1,4,3,0,3,0,33,2,1,1,2,1,1,0,1,1,0.731058463,1,VERDADERO,VERDADERO
856,3,10,2,8,894,4,3,4,1,0,3,1,40,2,1,1,2,1,1,0,1,1,0.731058437,1,VERDADERO,VERDADERO
857,3,15,4,2,3343,0,2,4,2,0,2,3,28,2,2,1,2,1,1,0,1,1,0.731058395,1,VERDADERO,VERDADERO
858,0,15,2,0,3959,0,2,3,1,0,2,1,29,2,1,1,2,1,1,0,0,0,0.500000154,0,VERDADERO,VERDADERO
859,3,9,2,0,3577,1,2,1,2,2,2,0,26,2,0,1,2,2,0,1,1,1,0.731058433,1,VERDADERO,VERDADERO
860,3,24,4,1,5804,3,2,4,2,0,2,0,27,2,1,2,2,1,0,0,1,1,0.718792608,1,VERDADERO,VERDADERO
861,3,18,3,9,2169,0,2,4,3,0,2,2,28,2,1,1,2,1,1,0,0,0,0.500000232,0,VERDADERO,VERDADERO
862,0,24,2,3,2439,0,1,4,1,0,4,0,35,2,1,1,2,1,1,0,0,1,0.725702383,1,FALSO,FALSO
863,3,27,4,2,4526,3,1,4,2,0,2,0,32,1,1,2,1,2,1,0,1,1,0.731058647,1,VERDADERO,VERDADERO
864,3,10,2,2,2210,0,2,2,2,0,2,0,25,0,0,1,1,1,0,0,0,0,0.613701176,1,VERDADERO,FALSO
865,3,15,2,2,2221,2,2,2,1,0,4,2,20,2,0,1,2,1,0,0,1,1,0.731058405,1,VERDADERO,VERDADERO
866,0,18,2,3,2389,0,1,4,1,0,1,2,27,1,1,1,2,1,0,0,1,1,0.731058429,1,VERDADERO,VERDADERO
867,3,12,4,2,3331,0,4,2,2,0,4,1,42,1,1,1,2,1,0,0,1,1,0.676659053,1,VERDADERO,VERDADERO
868,3,36,2,9,7409,4,4,3,2,0,2,1,37,2,1,2,2,1,0,0,1,1,0.731058495,1,VERDADERO,VERDADERO
869,0,12,2,2,652,0,4,4,1,0,4,1,24,2,0,1,2,1,0,0,1,1,0.731058619,1,VERDADERO,VERDADERO
870,3,36,3,2,7678,2,3,2,1,0,4,2,40,2,1,2,2,1,1,0,1,1,0.731058419,1,VERDADERO,VERDADERO
871,2,6,4,0,1343,0,4,1,2,0,4,0,46,2,1,2,2,2,0,1,1,1,0.73105852,1,VERDADERO,VERDADERO
872,0,24,4,9,1382,1,3,4,2,0,1,0,26,2,1,2,2,1,1,0,1,1,0.731058542,1,VERDADERO,VERDADERO
873,3,15,2,4,874,4,1,4,1,0,1,0,24,2,1,1,2,1,0,0,1,1,0.731058579,1,VERDADERO,VERDADERO
874,0,12,2,2,3590,0,2,2,2,1,2,1,29,2,1,1,1,2,0,0,1,1,0.731058551,1,VERDADERO,VERDADERO
875,1,11,4,0,1322,3,2,4,1,0,4,2,40,2,1,2,2,1,0,0,1,1,0.73105854,1,VERDADERO,VERDADERO
876,0,18,1,3,1940,0,1,3,2,1,4,3,36,0,2,1,3,1,1,0,1,1,0.731058458,1,VERDADERO,VERDADERO
877,3,36,2,3,3595,0,4,4,2,0,2,2,28,2,1,1,2,1,0,0,1,1,0.731058435,1,VERDADERO,VERDADERO
878,0,9,2,0,1422,0,1,3,2,0,2,3,27,2,2,1,3,1,1,0,0,0,0.500000255,0,VERDADERO,VERDADERO
879,3,30,4,3,6742,4,3,2,2,0,3,1,36,2,1,2,2,1,0,0,1,1,0.731058556,1,VERDADERO,VERDADERO
880,3,24,2,1,7814,0,3,3,2,0,3,2,38,2,1,1,3,1,1,0,1,1,0.707454784,1,VERDADERO,VERDADERO
881,3,24,2,1,9277,4,2,2,0,0,4,3,48,2,2,1,2,1,1,0,1,1,0.731058483,1,VERDADERO,VERDADERO
882,1,30,4,0,2181,4,4,4,2,0,4,0,36,2,1,2,2,1,0,0,1,1,0.73105845,1,VERDADERO,VERDADERO
883,3,18,4,3,1098,0,0,4,1,0,4,2,65,2,1,2,0,1,0,0,1,1,0.731058376,1,VERDADERO,VERDADERO
884,1,24,2,2,4057,0,3,3,0,0,3,2,43,2,1,1,2,1,1,0,0,0,0.500000164,0,VERDADERO,VERDADERO
885,0,12,2,6,795,0,1,4,1,0,4,1,53,2,1,1,2,1,0,0,0,1,0.717370499,1,FALSO,FALSO
886,1,24,4,9,2825,4,3,4,2,0,3,3,34,2,1,2,2,2,1,0,1,1,0.688971964,1,VERDADERO,VERDADERO
887,1,48,2,9,15672,0,2,2,2,0,2,2,23,2,1,1,2,1,1,0,0,0,0.500000202,0,VERDADERO,VERDADERO
888,3,36,4,0,6614,0,4,4,2,0,4,2,34,2,1,2,3,1,1,0,1,1,0.731058479,1,VERDADERO,VERDADERO
889,3,28,1,1,7824,4,1,3,2,2,4,0,40,0,0,2,2,2,1,0,1,1,0.731058497,1,VERDADERO,VERDADERO
890,0,27,4,9,2442,0,4,4,2,0,4,2,43,1,1,4,3,2,1,0,1,0,0.479414531,0,FALSO,FALSO
891,3,15,4,3,1829,0,4,4,2,0,4,2,46,2,1,2,2,1,1,0,1,1,0.700221456,1,VERDADERO,VERDADERO
892,0,12,4,0,2171,0,2,4,2,0,4,1,38,0,1,2,1,1,0,1,1,0,0.475453179,0,FALSO,FALSO
893,1,36,4,1,5800,0,2,3,2,0,4,2,34,2,1,2,2,1,1,0,1,1,0.689884108,1,VERDADERO,VERDADERO
894,3,18,4,3,1169,4,2,4,2,0,3,1,29,2,1,2,2,1,1,0,1,1,0.731058506,1,VERDADERO,VERDADERO
895,3,36,3,1,8947,4,3,3,2,0,2,2,31,1,1,1,3,2,1,0,1,1,0.731058575,1,VERDADERO,VERDADERO
896,0,21,2,3,2606,0,1,4,1,0,4,1,28,2,0,1,3,1,1,0,1,1,0.731058542,1,VERDADERO,VERDADERO
897,3,12,4,2,1592,3,3,3,1,0,2,1,35,2,1,1,2,1,0,1,1,1,0.660390042,1,VERDADERO,VERDADERO
898,3,15,2,2,2186,4,3,1,1,0,4,0,33,0,0,1,1,1,0,0,1,1,0.731058532,1,VERDADERO,VERDADERO
899,0,18,2,2,4153,0,2,2,2,1,3,2,42,2,1,1,2,1,0,0,0,1,0.752752832,1,FALSO,FALSO
900,0,16,4,0,2625,0,4,2,2,2,4,1,43,0,0,1,2,1,1,0,0,0,0.50000022,0,VERDADERO,VERDADERO
901,3,20,4,0,3485,4,1,2,0,0,4,0,44,2,1,2,2,1,1,0,1,1,0.731058419,1,VERDADERO,VERDADERO
902,3,36,4,1,10477,4,4,2,2,0,4,3,42,2,2,2,2,1,0,0,1,1,0.731058452,1,VERDADERO,VERDADERO
903,3,15,2,3,1386,4,2,4,3,0,2,0,40,2,0,1,2,1,1,0,1,1,0.731058445,1,VERDADERO,VERDADERO
904,3,24,2,3,1278,0,4,4,2,0,1,0,36,2,1,1,3,1,1,0,1,1,0.642726971,1,VERDADERO,VERDADERO
905,0,12,2,3,1107,0,2,2,2,0,2,0,20,2,0,1,3,2,1,0,1,1,0.665252223,1,VERDADERO,VERDADERO
906,0,21,2,0,3763,4,3,2,2,1,2,0,24,2,1,1,1,1,0,1,1,1,0.731058456,1,VERDADERO,VERDADERO
907,1,36,2,6,3711,4,2,2,3,0,2,2,27,2,1,1,2,1,0,0,1,0,0.616921954,1,FALSO,VERDADERO
908,3,15,3,1,3594,0,1,1,1,0,2,1,46,2,1,2,1,1,0,0,1,1,0.731058538,1,VERDADERO,VERDADERO
909,1,9,2,0,3195,4,2,1,1,0,2,0,33,2,1,1,1,1,0,0,1,1,0.731058419,1,VERDADERO,VERDADERO
910,3,36,3,3,4454,0,2,4,1,0,4,0,34,2,1,2,2,1,0,0,1,0,0.555485712,1,FALSO,VERDADERO
911,1,24,4,2,4736,0,1,2,1,0,4,2,25,0,1,1,1,1,0,0,0,0,0.500000157,0,VERDADERO,VERDADERO
912,1,30,2,3,2991,4,4,2,1,0,4,2,25,2,1,1,2,1,0,0,1,1,0.686459194,1,VERDADERO,VERDADERO
913,3,11,2,9,2142,3,4,1,0,0,2,0,28,2,1,1,2,1,1,0,1,1,0.731058537,1,VERDADERO,VERDADERO
914,0,24,1,9,3161,0,2,4,2,0,2,1,31,2,0,1,2,1,1,0,0,0,0.500000379,0,VERDADERO,VERDADERO
915,1,48,0,10,18424,0,2,1,1,0,2,1,32,0,1,1,3,1,1,1,0,0,0.600062967,1,VERDADERO,FALSO
916,3,10,2,1,2848,1,2,1,2,1,2,0,32,2,1,1,2,2,0,0,1,1,0.731058354,1,VERDADERO,VERDADERO
917,0,6,2,0,14896,0,4,1,2,0,4,3,68,0,1,1,3,1,1,0,0,0,0.500000247,0,VERDADERO,VERDADERO
918,0,24,2,2,2359,1,0,1,0,0,1,1,33,2,1,1,2,1,0,0,0,1,0.657917786,1,FALSO,FALSO
919,0,24,2,2,3345,0,4,4,2,0,2,1,39,2,0,1,3,1,1,0,0,0,0.500000175,0,VERDADERO,VERDADERO
920,3,18,4,2,1817,0,2,4,1,0,2,3,28,2,1,2,2,1,0,0,1,1,0.731058528,1,VERDADERO,VERDADERO
921,3,48,3,3,12749,2,3,4,2,0,1,2,37,2,1,1,3,1,1,0,1,1,0.731058381,1,VERDADERO,VERDADERO
922,0,9,2,3,1366,0,1,3,1,0,4,1,22,2,0,1,2,1,0,0,0,0,0.500000212,0,VERDADERO,VERDADERO
923,1,12,2,0,2002,0,3,3,2,0,4,1,30,2,0,1,2,2,1,0,1,1,0.731058541,1,VERDADERO,VERDADERO
924,0,24,1,2,6872,0,1,2,0,0,1,1,55,0,1,1,2,1,1,0,0,0,0.500000356,0,VERDADERO,VERDADERO
925,0,12,1,0,697,0,1,4,2,0,2,2,46,0,1,2,2,1,1,0,0,0,0.500000269,0,VERDADERO,VERDADERO
926,0,18,4,2,1049,0,1,4,1,0,4,1,21,2,0,1,2,1,0,0,1,1,0.731058631,1,VERDADERO,VERDADERO
927,0,48,2,1,10297,0,3,4,2,0,4,3,39,1,2,3,2,2,1,0,0,0,0.606680652,1,VERDADERO,FALSO
928,3,30,2,3,1867,4,4,4,2,0,4,2,58,2,1,1,2,1,1,0,1,1,0.731058377,1,VERDADERO,VERDADERO
929,0,12,3,0,1344,0,2,4,2,0,2,0,43,2,1,2,1,2,0,0,1,1,0.731058561,1,VERDADERO,VERDADERO
930,0,24,2,2,1747,0,1,4,2,1,1,1,24,2,1,1,1,1,0,1,1,1,0.731058447,1,VERDADERO,VERDADERO
931,1,9,2,3,1670,0,1,4,1,0,2,2,22,2,1,1,2,1,1,0,0,0,0.500000081,0,VERDADERO,VERDADERO
932,3,9,4,0,1224,0,2,3,2,0,1,0,30,2,1,2,2,1,0,0,1,1,0.731058441,1,VERDADERO,VERDADERO
933,3,12,4,3,522,2,4,4,2,0,4,1,42,2,1,2,2,2,1,0,1,1,0.73105848,1,VERDADERO,VERDADERO
934,0,12,2,3,1498,0,2,4,1,0,1,2,23,0,1,1,2,1,0,0,1,1,0.731058448,1,VERDADERO,VERDADERO
935,1,30,3,3,1919,1,1,4,2,0,3,3,30,1,1,2,3,1,0,0,0,0,0.500000319,0,VERDADERO,VERDADERO
936,2,9,2,3,745,0,2,3,1,0,2,0,28,2,1,1,1,1,0,0,0,0,0.500000267,0,VERDADERO,VERDADERO
937,1,6,2,3,2063,0,1,4,3,0,3,2,30,2,0,1,3,1,1,0,1,1,0.643369275,1,VERDADERO,VERDADERO
938,1,60,2,6,6288,0,2,4,2,0,4,3,42,2,2,1,2,1,0,0,0,0,0.50000023,0,VERDADERO,VERDADERO
939,3,24,4,1,6842,4,2,2,2,0,4,1,46,2,1,2,3,2,1,0,1,1,0.731058451,1,VERDADERO,VERDADERO
940,3,12,2,0,3527,4,1,2,2,0,3,1,45,2,1,1,3,2,1,0,1,1,0.731058472,1,VERDADERO,VERDADERO
941,3,10,2,0,1546,0,2,3,2,0,2,0,31,2,1,1,1,2,0,1,1,1,0.731058494,1,VERDADERO,VERDADERO
942,3,24,2,2,929,4,3,4,2,0,2,2,31,1,1,1,2,1,1,0,1,1,0.731058577,1,VERDADERO,VERDADERO
943,3,4,4,0,1455,0,3,2,2,0,1,0,42,2,1,3,1,2,0,0,1,1,0.731058414,1,VERDADERO,VERDADERO
944,0,15,2,2,1845,0,1,4,1,2,1,1,46,2,0,1,2,1,0,0,1,1,0.73105845,1,VERDADERO,VERDADERO
945,1,48,0,0,8358,2,1,1,1,0,1,2,30,2,1,2,2,1,0,0,1,1,0.704557356,1,VERDADERO,VERDADERO
946,0,24,1,2,3349,2,1,4,2,0,4,3,30,2,2,1,2,2,1,0,0,0,0.500000123,0,VERDADERO,VERDADERO
947,3,12,2,0,2859,4,0,4,2,0,4,3,38,2,1,1,3,1,1,0,1,1,0.731058519,1,VERDADERO,VERDADERO
948,3,18,2,2,1533,0,1,4,3,1,1,1,43,2,1,1,1,2,0,0,0,0,0.500000156,0,VERDADERO,VERDADERO
949,3,24,2,3,3621,1,4,2,2,0,4,2,31,2,1,2,2,1,0,0,0,0,0.500000186,0,VERDADERO,VERDADERO
950,1,18,4,9,3590,0,0,3,3,0,3,2,40,2,1,3,0,2,1,0,1,1,0.731058586,1,VERDADERO,VERDADERO
951,0,36,3,9,2145,0,3,2,2,0,1,2,24,2,1,2,2,1,1,0,0,1,0.645212518,1,FALSO,FALSO
952,1,24,2,1,4113,2,1,3,1,0,4,2,28,2,0,1,2,1,0,0,0,0,0.500000371,0,VERDADERO,VERDADERO
953,3,36,2,2,10974,0,0,4,1,0,2,2,26,2,1,2,3,1,1,0,0,0,0.500000238,0,VERDADERO,VERDADERO
954,0,12,2,0,1893,0,2,4,1,2,4,1,29,2,1,1,2,1,1,0,1,1,0.731058457,1,VERDADERO,VERDADERO
955,0,24,4,3,1231,3,4,4,1,0,4,1,57,2,0,2,3,1,1,0,1,1,0.731058394,1,VERDADERO,VERDADERO
956,2,30,4,3,3656,4,4,4,2,0,4,1,49,1,1,2,1,1,0,0,1,1,0.731058624,1,VERDADERO,VERDADERO
957,1,9,4,3,1154,0,4,2,2,0,4,0,37,2,1,3,1,1,0,0,1,1,0.731058479,1,VERDADERO,VERDADERO
958,0,28,2,0,4006,0,2,3,2,0,2,2,45,2,1,1,1,1,0,0,0,0,0.500000185,0,VERDADERO,VERDADERO
959,1,24,2,2,3069,1,4,4,2,0,4,3,30,2,2,1,2,1,0,0,1,1,0.63838839,1,VERDADERO,VERDADERO
960,3,6,4,3,1740,0,4,2,3,0,2,0,30,2,0,2,2,1,0,0,1,1,0.731058415,1,VERDADERO,VERDADERO
961,1,21,3,0,2353,0,2,1,0,0,4,1,47,2,1,2,2,1,0,0,1,1,0.73105856,1,VERDADERO,VERDADERO
962,3,15,2,0,3556,4,2,3,2,0,2,3,29,2,1,1,2,1,0,0,1,1,0.731058487,1,VERDADERO,VERDADERO
963,3,24,2,3,2397,2,4,3,2,0,2,2,35,0,1,2,2,1,1,0,0,0,0.500000445,0,VERDADERO,VERDADERO
964,1,6,2,5,454,0,1,3,3,0,1,1,22,2,1,1,1,1,0,0,1,1,0.731058445,1,VERDADERO,VERDADERO
965,1,30,2,3,1715,4,2,4,1,0,1,2,26,2,1,1,2,1,0,0,1,1,0.731058471,1,VERDADERO,VERDADERO
966,1,27,4,3,2520,2,2,4,2,0,2,1,23,2,1,2,1,1,0,0,0,0,0.500000241,0,VERDADERO,VERDADERO
967,3,15,2,3,3568,0,4,4,1,0,2,2,54,0,0,1,3,1,1,0,1,1,0.731058425,1,VERDADERO,VERDADERO
968,3,42,2,3,7166,4,3,2,3,0,4,1,29,2,0,1,2,1,1,0,1,1,0.666848462,1,VERDADERO,VERDADERO
969,0,11,4,0,3939,0,2,1,2,0,2,0,40,2,1,2,1,2,0,0,1,1,0.731058432,1,VERDADERO,VERDADERO
970,1,15,2,5,1514,1,2,4,2,2,2,0,22,2,1,1,2,1,0,0,1,1,0.731058502,1,VERDADERO,VERDADERO
971,3,24,2,0,7393,0,2,1,2,0,4,1,43,2,1,1,1,2,0,0,1,1,0.73105864,1,VERDADERO,VERDADERO
972,0,24,1,0,1193,0,0,1,1,1,4,3,29,2,0,2,0,1,0,0,0,0,0.500000392,0,VERDADERO,VERDADERO
973,0,60,2,9,7297,0,4,4,2,1,4,3,36,2,0,1,2,1,0,0,0,0,0.500000168,0,VERDADERO,VERDADERO
974,3,30,4,3,2831,0,2,4,1,0,2,2,33,2,1,1,2,1,1,0,1,1,0.731058528,1,VERDADERO,VERDADERO
975,2,24,2,3,1258,2,2,3,1,0,3,2,57,2,1,1,1,1,0,0,1,1,0.731058408,1,VERDADERO,VERDADERO
976,1,6,2,3,753,0,2,2,1,2,3,0,64,2,1,1,2,1,0,0,1,1,0.731058407,1,VERDADERO,VERDADERO
977,1,18,3,9,2427,4,4,4,2,0,2,1,42,2,1,2,2,1,0,0,1,1,0.731058703,1,VERDADERO,VERDADERO
978,3,24,3,0,2538,0,4,4,2,0,4,2,47,2,1,2,1,2,0,0,0,0,0.500000217,0,VERDADERO,VERDADERO
979,1,15,1,0,1264,1,2,2,3,0,2,1,25,2,0,1,2,1,0,0,0,0,0.500000352,0,VERDADERO,VERDADERO
980,1,30,4,2,8386,0,3,2,2,0,2,1,49,2,1,1,2,1,0,0,0,0,0.500000186,0,VERDADERO,VERDADERO
981,3,48,2,9,4844,0,0,3,2,0,2,2,33,0,0,1,3,1,1,0,0,0,0.50000024,0,VERDADERO,VERDADERO
982,2,21,2,0,2923,1,2,1,1,0,1,2,28,0,1,1,3,1,1,0,1,1,0.73105846,1,VERDADERO,VERDADERO
983,0,36,2,1,8229,0,2,2,2,0,2,1,26,2,1,1,2,2,0,0,0,0,0.500000228,0,VERDADERO,VERDADERO
984,3,24,4,2,2028,0,3,2,2,0,2,1,30,2,1,2,1,1,0,0,1,1,0.707277847,1,VERDADERO,VERDADERO
985,0,15,4,2,1433,0,2,4,1,0,3,1,25,2,0,2,2,1,0,0,1,1,0.710417662,1,VERDADERO,VERDADERO
986,2,42,0,9,6289,0,1,2,0,0,1,1,33,2,1,2,2,1,0,0,1,1,0.689603897,1,VERDADERO,VERDADERO
987,3,13,2,3,1409,1,0,2,1,0,4,0,64,2,1,1,2,1,0,0,1,1,0.731058516,1,VERDADERO,VERDADERO
988,0,24,2,1,6579,0,0,4,2,0,2,3,29,2,2,1,3,1,1,0,1,1,0.731058564,1,VERDADERO,VERDADERO
989,1,24,4,3,1743,0,4,4,2,0,2,1,48,2,1,2,1,1,0,0,1,1,0.731058655,1,VERDADERO,VERDADERO
990,3,12,4,6,3565,4,1,2,2,0,1,1,37,2,1,2,1,2,0,0,1,0,0.602927613,1,FALSO,VERDADERO
991,3,15,1,3,1569,1,4,4,2,0,4,2,34,0,1,1,1,2,0,0,1,1,0.731058483,1,VERDADERO,VERDADERO
992,0,18,2,3,1936,4,3,2,3,0,4,2,23,2,0,2,1,1,0,0,1,1,0.731058431,1,VERDADERO,VERDADERO
993,0,36,2,2,3959,0,0,4,2,0,3,1,30,2,1,1,3,1,1,0,1,1,0.73105845,1,VERDADERO,VERDADERO
994,3,12,2,0,2390,4,4,4,2,0,3,2,50,2,1,1,2,1,1,0,1,1,0.731058488,1,VERDADERO,VERDADERO
995,3,12,2,2,1736,0,3,3,1,0,4,0,31,2,1,1,1,1,0,0,1,1,0.731058489,1,VERDADERO,VERDADERO
996,0,30,2,1,3857,0,2,4,0,0,4,1,40,2,1,1,3,1,1,0,1,1,0.731058516,1,VERDADERO,VERDADERO
997,3,12,2,3,804,0,4,4,2,0,4,2,38,2,1,1,2,1,0,0,1,1,0.731058464,1,VERDADERO,VERDADERO
998,0,45,2,3,1845,0,2,4,2,0,4,3,23,2,2,1,2,1,1,0,0,0,0.500000086,0,VERDADERO,VERDADERO
999,1,45,4,1,4576,1,0,3,2,0,4,2,27,2,1,1,2,1,0,0,1,1,0.731058526,1,VERDADERO,VERDADERO
