X,Real Y,Predict Y (1),Predict Y (2),Predict Y (3),Predict Y (4),Predict Y (5),Predict Y (6),Predict Y (7),Predict Y (8),Predict Y (9)
1958.166667,316.1,316.8074512,310.5304958,317.076143,318.1003799,317.3824267,314.7166437,310.3374027,318.6472262,317.647446
1958.25,317.2,316.4602586,315.897656,315.0172307,318.2552572,314.8930934,312.4471881,310.0032991,319.0517594,317.4282772
1958.333333,317.4333333,316.3718573,317.0705529,320.0850146,323.7458408,313.4450924,309.7204396,319.3644083,316.1537922,318.2092517
1958.5,315.625,316.2707612,310.3199535,316.3385946,316.1888398,316.2012063,315.2977965,313.626528,315.735358,317.1980721
1958.583333,314.95,315.7577312,312.6948217,307.5237518,316.9259807,320.8076244,310.6404476,318.4398229,308.7627368,310.9045623
1958.666667,313.5,315.4898969,306.4936628,311.5557431,316.8857702,312.681576,312.9122028,309.6101974,312.6966534,305.6167196
1958.833333,313.425,315.7533084,313.6571249,318.702337,310.8273324,316.4366847,315.7164854,313.2140564,309.1663344,306.4034763
1958.916667,314.7,315.924809,317.5902967,320.8043534,315.1251747,318.3230869,315.4178275,317.6110371,315.6009807,316.8351057
1959,315.5,316.4697965,319.543792,312.0560655,307.6321209,314.3348057,320.7561676,310.5981489,318.4515161,310.402549
1959.083333,316.7,315.4220738,317.7047788,319.2725899,321.9213766,316.4621544,320.0597479,319.224406,320.8686512,315.1752245
1959.166667,316.7333333,315.2358757,310.7609795,320.302922,317.7718795,316.7149519,316.7389757,313.1896062,319.4444725,315.4828664
1959.25,317.675,316.0144368,321.6248184,327.7653761,326.6538887,315.3024035,320.1323488,316.4320278,321.9865044,314.4034167
1959.333333,318.325,315.4669205,315.0498652,322.5841913,323.0212682,318.3113904,318.1211619,313.8948239,318.3139376,319.3362759
1959.416667,318.025,315.8486777,315.6381704,325.7448755,316.6560225,318.3178998,319.0602002,318.0103508,320.9332933,315.017237
1959.5,316.525,315.9168659,315.578212,318.280313,319.028255,318.2775367,311.2904271,311.4242646,316.7570612,314.2368206
1959.583333,314.9,315.5339344,316.2443176,312.959979,319.1894294,310.444383,313.0955511,313.4999231,317.6847051,313.4481502
1959.666667,313.825,315.7536053,315.9299446,316.4153012,310.0669424,307.174778,307.4445722,311.0650901,310.3331125,311.5319612
1959.75,313.4,316.8188026,313.9461733,322.4042395,314.0183456,311.7891041,308.8156213,316.0428898,310.8749546,316.8955247
1959.833333,314.875,315.8498996,316.0559026,313.7167536,315.9577931,310.6984022,312.5901996,316.7573378,317.3551808,318.5303616
1959.916667,315.525,316.6152077,316.1866184,322.4732982,317.468153,312.3709963,316.1929089,317.9278717,314.8368475,318.1398187
1960,316.38,316.3435362,316.217571,313.2459985,315.2784381,315.8630783,319.9677782,317.3908023,318.4071081,313.183994
1960.083333,316.975,316.585621,323.0580535,317.998865,315.8149659,314.6655961,317.4494554,315.9919358,323.871078,313.9836575
1960.166667,317.575,315.9057839,321.5229626,330.7762889,316.2975943,314.1174007,319.8966227,314.8459174,324.1319403,319.2360876
1960.25,319.12,318.184155,316.8959928,318.4788329,319.0531584,316.7330832,319.7049606,318.3635701,327.6771831,320.4560056
1960.333333,319.925,316.9914891,317.7952393,326.0892942,319.7969701,323.4425397,315.6666332,321.2194053,321.5957085,320.0170451
1960.416667,319.45,316.8387193,319.8369629,315.175147,315.1180756,312.795608,312.595049,321.7375702,314.5394773,317.4984939
1960.5,318.06,316.7126239,320.1035596,313.5588496,318.630693,316.3644654,317.4917609,321.5314404,310.5612102,318.5405051
1960.583333,315.775,317.7966536,311.0834829,319.310272,317.5548158,312.3402948,312.7435838,316.0035933,317.0297431,315.2982161
1960.666667,314.175,317.1696995,315.1536708,308.5421508,312.4237479,313.9448187,315.104662,315.5123486,307.8503887,315.7735007
1960.75,313.84,317.4019121,312.7548389,312.0201307,307.5518072,313.208723,315.4211226,321.6377921,312.0493812,311.9927351
1960.833333,315.025,317.8628368,307.1118236,318.5342338,308.7749434,309.6247222,317.385995,324.0590789,321.0961642,308.5373747
1960.916667,316.2,317.1234185,315.2052469,318.5076148,319.0963217,319.417467,320.3620438,314.7916053,321.9883835,316.8204448
1961,316.925,317.8585005,308.1144616,321.5944214,311.9603273,309.4413678,320.8010878,320.4830042,322.7178818,312.4385784
1961.083333,317.65,317.1752285,313.1933886,319.2933666,317.9868671,315.145248,318.2446031,313.7195804,315.8051273,317.1091381
1961.166667,318.525,318.1300557,321.1438847,322.7296172,324.0804158,318.1637405,323.0339006,314.4931938,314.5066848,324.4237232
1961.25,319.42,318.2816167,314.7554009,329.0295703,316.5203846,319.169834,315.7261883,321.7722892,323.6373907,317.5532504
1961.333333,320.475,317.2971946,324.1133432,320.2286138,320.9379976,313.8314412,318.2879363,320.7751463,318.4008533,320.9510968
1961.416667,319.75,317.5797496,316.1612726,313.2626192,319.5253747,320.717341,312.2798153,317.0255989,317.8110376,317.0064777
1961.5,318.32,317.9345711,317.3476187,315.7463159,323.0753922,324.9941871,314.4461654,315.9837876,320.7985529,315.0682299
1961.583333,316.775,317.7618641,317.0018529,308.4828408,315.1753531,316.5532152,315.4636627,313.2916793,315.1049347,315.45909
1961.666667,315.04,317.8529735,315.2714941,322.672661,312.5933134,312.6904503,312.8084116,314.6013953,315.9497838,308.9078723
1961.75,315.35,317.4814399,318.5869767,319.9376291,312.9164099,316.150075,318.6079653,309.5743097,319.9246262,320.028233
1961.833333,316.05,318.5041477,320.6493952,321.3667744,319.6929182,310.9517574,320.6354373,317.8155876,314.3398355,317.7371408
1961.916667,316.98,317.9099557,317.9988779,314.710426,322.7631096,320.3131949,312.7746238,311.6356216,319.5205993,316.1632144
1962,317.925,318.6538639,311.2025601,318.589232,322.0556609,320.9475324,325.2602948,314.4118937,321.0808193,313.8455569
1962.083333,318.625,318.2166787,316.4391641,320.7183015,322.1157663,322.4953471,313.5472282,320.1308326,325.0322703,314.1193645
1962.166667,319.68,317.6469045,318.2507342,320.9376799,323.3632606,316.1300028,317.8113974,322.0890002,324.3121551,317.3918057
1962.25,320.55,318.632659,317.3076337,321.9605412,323.6094811,316.7570057,321.9418317,319.2586845,323.969644,321.2187154
1962.333333,320.9,318.7035506,321.9873902,322.3150941,328.078535,321.5252967,327.3522676,315.6866274,319.2256958,322.1565206
1962.416667,320.5,318.9834094,317.1302355,327.2955694,323.788502,319.2828759,321.0562263,324.1836397,321.7665709,323.2219092
1962.5,319.425,318.1776462,318.6752912,318.2427727,320.1617214,320.7020929,320.154607,314.4404885,315.613246,316.3151097
1962.583333,317.7333333,318.4430391,316.2720645,320.3542897,318.0127085,313.2555887,315.5121307,317.1631461,321.948946,318.5911558
1962.666667,316.0666667,318.1474954,313.7126427,309.0969259,312.5053712,317.3401147,320.9152043,316.3034131,319.6222599,321.294329
1962.75,315.475,318.8477951,313.0215746,316.4959678,319.8225014,321.2616791,323.7722484,310.229045,315.7538016,316.754419
1962.833333,316.55,317.6772208,317.1435645,317.0468107,314.7269806,313.2472233,316.1906687,322.7653306,318.3731388,312.0280889
1962.916667,317.525,318.4049054,317.6358639,314.2038728,318.2738091,323.6365655,314.5565857,312.892695,319.6921319,323.0247243
1963,318.725,319.20678,314.1305444,318.6497325,318.7718305,318.9326367,317.7930096,318.4265771,319.206411,317.7822997
1963.083333,318.9666667,318.7408269,318.6757749,318.8767005,323.0143142,315.0795929,319.0834838,320.2176982,328.6508017,320.3401307
1963.166667,319.86,319.4665234,316.6902891,320.8031315,316.0721754,320.126512,322.6540545,320.5873833,318.2218974,321.6110484
1963.25,321.275,319.1972969,314.7929257,326.0477416,318.0039249,322.8824003,321.9896488,319.6804655,325.9029809,318.0365042
1963.333333,322.1,318.4321961,322.1458792,324.9060644,313.6675878,322.9072285,327.781244,316.4883378,320.6959525,316.9436149
1963.416667,321.46,319.5802663,320.9053966,318.3756742,327.3394449,328.6778539,316.588714,320.887088,322.7041483,324.3489629
1963.5,319.6,318.030157,318.2189898,316.4925232,320.8954592,321.1005635,322.8855917,322.2975299,319.8938226,325.9650069
1963.583333,317.6,318.8654139,318.6009176,320.5791927,306.889022,320.8879038,315.3266864,321.507695,319.3020411,310.7909982
1963.666667,316.15,318.6903615,314.3034805,314.9964613,312.0977872,314.6599948,313.4725095,320.2033058,313.3393152,316.3138135
1963.75,316.05,318.7370418,322.1571659,318.0264622,313.922525,318.2818286,324.6790666,320.2461439,321.5079126,316.5861902
1963.833333,317,318.9622176,320.940428,313.8413687,315.1342296,320.1901026,323.0564772,326.3715012,315.4470791,318.2135292
1963.916667,318.35,319.3276443,310.3844637,320.9657186,318.2394582,317.7412826,316.5279677,317.0176088,329.3164482,319.0290038
1964,319.4,318.9812415,316.6692749,319.0276118,318.8126004,318.7286958,323.4009855,325.9922217,319.042563,317.9396067
1964.333333,322,318.7280259,334.5818869,326.2485266,323.1999696,320.5687941,320.1280055,323.3288107,324.4901834,326.766776
1964.416667,321.75,319.8082113,323.495908,320.8271347,318.8748757,319.4717236,320.9937703,321.9112991,327.2621367,319.6863868
1964.5,320.3,319.3780177,321.0395447,323.1251031,325.8149066,322.4664464,319.9335767,316.6161621,322.6081469,316.3612985
1964.583333,318.5,319.7814803,315.4536619,313.3976247,312.0745943,319.0329611,317.9428304,317.0983539,310.4921747,317.0670832
1964.666667,316.6,319.6122601,320.2299437,316.0564061,313.49246,314.1203031,319.1744627,310.4100176,315.3692396,316.3145208
1964.75,316.96,319.5907634,317.5667979,315.2671373,315.0240863,305.3650894,315.8659583,316.8290566,305.1793892,314.812895
1964.833333,317.725,320.1425602,318.5388739,317.6470725,313.9648873,317.471971,313.5779098,315.4976963,314.5127507,321.5453803
1964.916667,318.675,319.5740117,317.2817569,321.7812125,322.7334912,322.4111022,318.6869025,323.2036436,325.0384105,317.8944478
1965,319.4,319.9579356,310.2293034,317.5213057,322.8751074,315.9028403,323.7967859,323.2518384,318.4453444,318.5367755
1965.083333,320.45,320.5699059,323.9704691,318.0934374,321.2431296,317.7740191,319.0377141,316.0206459,321.1955126,320.0117099
1965.166667,320.925,319.0938109,315.9996719,326.8291866,324.3279049,311.8538755,319.4964771,319.1894966,317.5552734,321.4984093
1965.25,322,319.6594823,323.3716499,319.8548548,325.1161196,317.9773237,319.1932113,321.3893445,327.2049103,320.9915509
1965.333333,322.06,320.6444976,318.3899205,333.4718184,313.1456442,322.6695952,324.5862624,319.3927136,318.7738752,327.086978
1965.416667,321.775,319.4732209,316.3742454,315.853006,323.023287,318.9583989,317.8685048,322.0278374,318.5328306,321.348116
1965.5,321.04,319.9162765,317.6200313,317.3010224,328.4988691,323.1313318,324.7871788,318.9615306,326.7161884,315.5293183
1965.583333,318.725,320.3748732,311.6899666,327.2621659,321.9257412,321.8350451,324.0639595,314.9488304,322.9416767,319.6402171
1965.666667,317.825,320.2777511,305.5715204,313.0450466,318.9158242,316.3560361,320.3513776,315.3433718,318.1384823,315.5044751
1965.75,317.34,319.8559623,314.254798,315.0827476,318.9216243,314.8993416,320.8827985,319.3475843,320.5867703,323.3564128
1965.833333,318.875,320.9058359,314.3896548,322.9567736,324.4245954,333.759942,317.1454662,320.1360685,327.3995875,325.2849742
1965.916667,319.325,321.4288536,314.8806221,321.3550491,319.917352,322.4616787,320.3693971,319.1037906,323.7412161,321.9415898
1966,320.54,320.340594,317.1480586,313.5658599,320.9636408,319.6064776,317.855027,316.2007993,322.9595708,318.7768463
1966.083333,321.575,320.1627425,320.7691189,316.7219643,317.8751441,323.2768519,322.1282412,318.2211941,323.251198,327.9515988
1966.166667,322.375,320.8317238,327.3394087,321.9614172,324.3112039,318.8192311,319.2040625,320.9187986,329.6398758,323.2026342
1966.25,323.66,320.4337434,322.6962641,326.028728,329.9164561,324.6119774,318.865077,325.3024749,323.892927,321.422942
1966.333333,324.025,320.7921152,318.5555914,324.045206,317.4940117,329.5259021,320.6447124,318.0647356,322.5340115,331.5015163
1966.416667,323.7,321.2229444,321.2309575,324.5151858,329.4976029,320.8774402,325.3679749,325.1639771,328.7342348,330.8696694
1966.5,322.85,321.244262,317.4376315,313.9982069,321.9435767,314.733207,323.8223362,319.3064693,324.7651241,318.7847207
1966.583333,320.2,321.5215689,323.7415733,316.4020451,321.764197,320.4371616,320.8589141,329.0600421,319.9670347,322.5764318
1966.666667,318.7,321.2186713,311.5604955,323.43956,317.3492512,319.4929921,323.0645823,322.7265005,319.8551395,321.7432359
1966.75,318.18,321.3741459,319.7895424,314.7974243,318.1650116,316.27371,321.430965,318.9302062,320.1871375,324.7611954
1966.833333,319.9,321.4443066,320.9405932,316.5223011,315.7534784,320.5054433,316.8132486,323.3935965,321.6367108,321.4021046
1966.916667,321.06,321.7920035,316.0175479,321.4934075,322.7696909,313.7962921,316.1926946,322.4015408,320.0174965,321.7141582
1967,322.4,321.5841452,326.7984115,321.3798269,314.7665142,324.5953105,324.2046144,321.8867185,321.0048329,323.7737218
1967.083333,322.425,321.4203488,320.0826024,315.3640769,329.4082958,323.6740097,320.7811567,316.2513553,331.2643607,315.6728532
1967.166667,323,322.0438561,318.6223797,321.8317598,313.4936267,323.5266743,326.1190595,321.0423988,321.9661707,318.7406591
1967.25,324.28,321.2595158,328.2683744,322.1210829,330.3466255,319.4248544,321.5397075,322.6716388,320.2727766,322.9832548
1967.333333,324.95,321.5154941,326.5376888,322.6114813,319.9622775,327.1645517,323.7276041,329.1701544,319.8905231,329.8333384
1967.416667,324.075,321.9569223,317.7307766,330.85307,314.8469924,320.0482588,321.4525846,327.9424652,322.0519972,326.4770865
1967.5,322.48,322.5116954,316.857932,324.7587269,323.8340555,324.3312925,322.8811217,324.0384066,322.9402537,325.9448529
1967.583333,320.85,321.5780847,323.1839025,325.836435,313.8554837,323.7812252,325.4499066,326.4973376,320.180002,319.415349
1967.666667,319.3,321.2915417,318.5579957,320.7116501,318.8171008,321.5078183,322.7005856,317.9148691,323.5383705,318.6492138
1967.75,319.45,321.9951175,312.1375894,317.5027849,317.1313741,307.9740805,315.4511298,327.1776322,313.1455195,323.4765053
1967.833333,320.675,322.5601134,318.7690236,327.2765048,322.5625704,322.1728687,318.6259064,322.4870673,321.4060812,318.0264227
1967.916667,321.92,322.7082305,316.1096797,323.093384,320.4677913,320.3077585,314.0200304,322.1988401,326.9309267,323.2683199
1968,322.55,322.497907,323.7179651,319.1277395,323.1788199,320.7696316,317.27815,328.0529799,318.920614,324.6436208
1968.083333,323.05,322.6912471,331.2998832,317.586493,329.643815,328.1487835,318.5569941,324.6974221,324.4035505,327.1071557
1968.166667,323.92,323.4713062,328.1204551,329.6033363,319.7403515,322.9506544,321.6606015,331.385093,321.1872158,320.4347937
1968.25,324.975,322.6071442,331.4940806,330.7948431,324.1542706,321.652361,314.8404206,328.4099532,321.9685517,323.9966946
1968.333333,325.475,324.1402999,334.2413306,324.7169669,332.6737627,330.9957191,319.359974,321.6648224,325.3575202,331.9084262
1968.416667,325.26,322.8087345,327.9552108,328.9871025,320.5092749,329.1079609,319.9742484,325.9513367,323.7806178,319.8010646
1968.5,324.025,322.3036738,314.2806647,323.4153877,317.8272563,322.8112105,322.568638,323.55366,323.6335364,326.5415701
1968.583333,321.94,323.1698091,321.8969273,326.5874372,324.0925139,321.6778436,316.1826817,324.7653919,326.1176006,318.8973665
1968.666667,320.25,322.127575,320.8271888,323.3156315,318.2002878,321.7611958,312.6186549,318.9867694,321.436597,324.1741823
1968.75,320.275,323.7974906,322.4862108,319.4699037,320.5943007,321.2994711,330.2199334,321.1633927,323.0121683,323.4589497
1968.833333,321.32,323.4942217,327.1962429,318.375125,322.2257279,321.4843488,324.4715388,319.3376628,313.6767449,322.3926483
1968.916667,322.925,323.2827801,322.928252,329.7351401,324.0870005,324.3315171,315.8273651,322.6795578,327.7112561,315.6043596
1969,323.925,323.9546485,327.0677709,326.6796483,329.3184641,325.1761484,323.3060271,323.274663,326.3425879,325.4364932
1969.083333,324.275,324.1403853,321.9192863,331.4630765,326.339281,324.6835422,321.1254265,319.1981363,330.3297904,323.6553872
1969.166667,325.6,324.0844832,329.9051637,321.5567841,329.8203428,324.7251231,320.9449345,317.6841209,320.9496431,330.6116552
1969.25,326.575,323.2274827,321.9081784,326.0507903,328.3088481,326.1720219,329.5739931,315.663555,321.039749,320.5199287
1969.333333,327.28,324.0517594,323.1243966,331.6100669,315.6833301,323.6476074,325.6324156,324.9527366,317.3068737,325.6856332
1969.416667,326.55,324.2188096,323.4195851,329.6828024,326.1164117,328.8532833,317.1219398,320.8048574,324.4162934,321.4826979
1969.5,325.8,324.3536698,317.5874382,315.731124,325.3770988,327.6150618,319.7016451,323.9678773,323.6150825,325.3852729
1969.583333,323.54,324.0990239,325.5192366,314.6566974,323.8820776,319.4291372,321.5715909,323.2727211,322.2474538,324.7649927
1969.666667,322.4,324.3015841,321.0684341,321.8728065,317.5056905,323.2210451,327.3438292,324.6793835,321.47521,325.7026816
1969.75,321.8,325.1762232,314.1693096,319.7863953,328.0464457,324.0314019,318.974151,325.4923701,323.9856066,326.1583812
1969.833333,322.82,324.7128425,321.2341363,325.6552182,318.0074364,321.699367,320.6789022,319.2256426,320.8377931,319.3788237
1969.916667,324.125,325.0040305,325.2252885,319.9497179,322.3961524,327.0130249,323.9999132,324.2063925,325.8558701,325.6571802
1970,325.08,324.5637898,319.5296264,323.5289339,323.1982011,322.1169718,318.5864358,325.4334351,334.4109888,322.4485191
1970.083333,326.025,325.313692,330.8157823,324.8342951,329.2233492,320.7347245,324.0495732,323.213744,330.9527236,327.2664726
1970.166667,327,324.9970963,330.5235302,324.3620163,325.7606356,325.5891955,322.331598,325.925884,332.2265091,327.8367904
1970.25,328.075,325.7651428,333.4592727,323.7023859,333.4522557,320.2965332,326.203887,323.4989684,323.7398734,331.4084369
1970.333333,327.92,325.7649317,327.5507312,328.7257082,327.6393876,326.633753,323.3745182,330.400548,331.7137728,331.8513782
1970.416667,327.55,325.2853224,331.0857732,330.6934557,325.0571047,329.653007,328.5349629,326.2689026,333.0185108,326.0768315
1970.5,326.3,325.6788485,328.3573269,327.5782784,335.817143,323.0201804,326.9772988,333.3937447,322.2832732,319.339773
1970.583333,324.66,325.6884614,327.9274505,325.4781292,321.0879597,320.7499586,323.8730378,325.9363441,332.8107389,324.5483686
1970.666667,323.15,325.696527,320.3237239,324.2218613,325.4118642,315.5539809,321.3156852,322.0043556,325.4103479,325.7578948
1970.75,323.14,324.9013196,320.2405492,324.8495066,323.7185097,319.996717,320.7630448,321.7174786,325.7327825,324.6459293
1970.833333,324.05,324.9120527,319.4999266,326.3379495,320.8286567,319.041029,321.8569137,329.4838885,321.3622073,323.6626562
1970.916667,325.1,327.4507475,320.8975582,326.1579138,323.3659979,330.6286671,319.8291762,329.5527998,326.0741853,328.842048
1971,326.14,326.8887642,331.499749,323.9027723,326.190742,323.288097,319.5727834,330.880182,323.155327,322.9681731
1971.083333,326.65,325.2083486,328.8169329,321.4781066,322.0055384,327.1028472,320.6757024,323.6119928,328.6737188,324.4373058
1971.166667,327.2,326.252961,332.6856701,328.8476292,326.2724303,325.3032626,326.844071,336.4460515,323.0554189,330.1275908
1971.25,327.675,325.9852951,325.8367031,328.1071124,327.016127,324.5185733,320.8212226,327.9689749,322.4348363,336.4168026
1971.333333,328.82,326.0260723,324.2019982,325.6405363,327.9430714,333.3213018,330.2890764,330.3998025,333.3915668,331.7583004
1971.416667,328.475,326.2684228,331.909509,326.587603,329.0197746,329.5833114,331.5768386,334.2019729,326.6862453,327.7513209
1971.5,327.22,326.6011647,323.7592178,330.4354659,322.9549216,323.8398833,322.0607208,329.9588488,323.5429862,322.2988123
1971.583333,325.25,327.1552989,315.6286435,321.8451695,327.7898377,320.3144503,329.9177361,335.9612266,329.7867343,326.5516899
1971.666667,323.4,326.988953,323.6305299,329.0940251,329.8912435,319.3491899,316.7096633,323.8520321,313.6422543,323.1639644
1971.75,323.54,327.9325724,320.0196024,320.2203141,319.3385243,323.872425,324.0477701,327.0932953,325.613869,325.2280276
1971.833333,324.825,326.8651075,324.4735196,319.57566,320.6096019,325.7814901,316.4422321,324.2140639,326.1475489,329.6222444
1971.916667,325.925,326.9665168,324.3191763,329.2062887,319.1310474,322.4373452,328.1786461,322.7735491,334.5907153,329.4144332
1972,326.72,327.2045532,326.6147961,323.3179816,322.5738609,324.4752509,325.5718348,330.0798462,330.0375786,332.6560299
1972.083333,327.625,327.4685605,326.5057398,327.2003279,321.954546,330.8699073,318.5634168,336.3441767,326.2324024,327.0942286
1972.166667,327.725,327.521273,323.3596856,328.5613613,322.2692567,331.6938458,327.8361481,326.8886492,327.0104165,329.572489
1972.25,329.64,327.9236887,330.7332019,328.5529103,330.9564515,322.860634,327.5061338,337.5117541,331.2616991,330.9113815
1972.333333,330,328.0914057,329.4636688,328.5654504,332.5718742,329.7309106,327.6847962,330.3083707,326.6395061,332.5470279
1972.416667,329.075,327.961974,332.8526285,331.5892631,330.4859453,325.3388354,330.3816527,335.3899664,330.7053313,328.9377603
1972.5,328.04,327.854794,333.5531984,324.8717797,325.8517132,333.4297425,325.9208421,330.9583836,327.6578424,334.9352504
1972.583333,326.25,328.7376559,326.501966,333.8520461,328.6093834,330.0934483,324.469952,327.8292048,330.1548407,328.228664
1972.666667,324.86,327.6700073,327.8593973,321.8785619,326.6898541,327.9543108,324.2205003,330.9145289,325.2251093,324.7610468
1972.75,325.3,328.3995031,327.6820221,324.5909386,328.3507505,325.7812506,328.8674105,323.1498398,326.2967301,330.3674333
1972.833333,326.425,328.6382126,326.4185766,329.9700915,321.7299063,328.2239976,323.2451822,329.3800315,327.2301156,327.0693875
1972.916667,327.54,328.5897674,323.8573774,325.7941481,331.0867625,322.8268188,324.2291953,330.9493485,325.0919476,323.660974
1973,328.55,328.857027,326.3266235,327.2031617,329.3930459,324.7895064,329.7365162,322.8280815,328.9110486,329.7552304
1973.083333,329.475,329.2659203,338.0482291,339.3644847,332.9526472,325.8309034,332.5577816,325.2180868,334.7610517,328.6431909
1973.166667,330.38,329.5926077,338.2424783,336.0416447,326.3376449,329.9284109,326.54106,322.7985449,333.863526,331.3657629
1973.25,331.575,329.7063076,324.6839188,333.5398354,328.4534014,328.0388867,323.0727577,332.3729753,332.9426463,328.7649117
1973.333333,332.4,328.7389614,332.9994446,334.1458893,332.5778157,335.6850432,333.2010787,332.5440022,330.9018936,334.1675856
1973.416667,331.94,328.5851487,334.9812193,335.2762942,332.9730923,323.4612688,330.6314133,330.6893437,338.1059128,333.1857174
1973.5,330.65,329.0329001,324.2556924,330.0797007,332.8432659,331.7165262,333.0218537,330.7228281,322.8742365,329.3407735
1973.583333,329.325,328.6425422,324.2487524,330.6581032,328.2566272,320.7009551,324.6058052,327.4419527,334.0304139,332.5403512
1973.666667,327.5,329.3776011,326.7323895,324.3263905,327.4074261,330.1437575,322.4085601,328.4131904,321.9929371,329.4435841
1973.75,327.225,329.5029186,318.505999,331.9489351,334.4152745,329.9760619,333.0239128,324.8549339,329.9650945,335.4587085
1973.833333,328.05,329.3289481,321.2683182,329.7827292,325.6601488,325.8575689,328.6600516,332.5574742,326.9979394,330.0933112
1973.916667,328.64,329.0935391,326.7724836,332.4615285,327.303667,326.898641,324.8525632,329.9039893,330.1715527,327.5210488
1974,329.325,329.40501,328.248264,338.4662482,329.9243813,331.4522158,334.2804253,329.2924109,322.4162887,320.2243444
1974.083333,330.625,330.0847782,331.2064905,330.857989,336.6274012,331.3844176,323.0555358,330.4403857,339.2348991,334.9384928
1974.166667,331.5,330.537355,331.867025,332.2510296,330.722448,330.8482612,327.8332527,330.422645,330.7754583,331.6620006
1974.25,332.625,329.4169858,339.0325145,338.3755283,333.4723895,329.9249341,330.6637643,336.0230235,330.2088887,339.1369641
1974.333333,332.975,329.9536684,330.8335715,336.5200557,334.1500577,328.8733428,338.0822065,332.201827,341.8374432,333.2861191
1974.416667,332.16,329.8963453,327.0334064,328.3420089,333.3627197,337.1990489,337.1834748,329.4045248,334.6350992,333.242833
1974.5,331.075,330.9026545,329.5420971,331.7910537,332.3985142,332.5469115,325.0970664,323.1258154,333.5257513,335.7485115
1974.583333,329.22,330.7826502,329.2822993,327.1421668,330.5387582,327.5589823,339.0274938,328.4642071,332.6769848,326.8079716
1974.666667,327.375,331.0960885,316.4137075,325.974174,326.8880845,325.2108152,324.1024015,333.0794076,334.7738127,328.7143968
1974.75,327.375,330.2958072,329.306044,332.8904214,320.6079705,331.9441488,330.7538806,327.527839,328.1025692,326.1012187
1974.833333,328.4,331.048532,327.2187293,319.4698158,327.113327,330.1324512,323.3772492,322.2509241,330.830518,333.333094
1974.916667,329.675,331.0925598,324.7454344,322.6573052,324.2480235,334.5166046,332.0257316,335.7693483,327.5102896,328.8082481
1975,330.25,329.890971,336.0261505,329.5432756,334.3884105,328.0352991,337.5211808,330.030936,333.3073945,328.6232075
1975.083333,331.3,330.7543356,332.5017559,331.0296936,334.7891125,334.5934424,329.1171131,331.5430833,333.089941,334.588437
1975.166667,332,331.3964989,327.1675308,330.359392,329.4781979,333.6428129,330.3365,328.0613911,331.4675151,330.520439
1975.25,333.275,330.9568795,334.2714546,333.4177696,329.1907516,338.0859448,324.6465488,330.4396979,332.5120843,334.8795085
1975.333333,333.86,331.1878237,336.6292753,337.6053606,337.4696571,334.0620723,330.6546315,333.7773959,339.253413,337.6397595
1975.416667,333.4,330.5760452,340.878577,335.3872361,324.9966707,328.7337054,337.108017,332.7843397,333.7796803,330.3707339
1975.5,331.8,330.8510865,331.0192352,330.7192905,335.3917511,327.973568,328.1222669,330.1618577,330.405928,327.9503745
1975.583333,329.98,331.0282059,326.6412127,331.2776106,332.9003247,331.0836473,336.3338919,331.8043203,330.6978697,333.3269911
1975.666667,328.525,331.3813396,328.6457905,326.7148043,327.5687289,326.136581,332.7084221,331.9482249,332.8323648,327.6652152
1975.75,328.325,332.3621247,321.1976519,332.3712177,326.5634433,333.947992,321.5486365,324.0663644,329.8488131,327.7627077
1975.833333,329.44,332.0630142,330.0227543,334.8538948,327.20404,329.0687917,322.164741,331.6300682,327.7289631,329.6348301
1975.916667,330.775,331.7561207,330.7693656,327.9367496,320.4086694,328.5756852,326.8228266,328.6660463,333.3259855,329.4762752
1976,331.74,331.6004459,326.4923244,330.0884163,342.5456075,332.0784777,331.9877995,330.7937326,340.5684052,327.8336801
1976.083333,332.55,331.3870129,330.5972267,326.7951602,336.8462844,331.1657253,334.268632,329.3184502,335.275638,332.8820598
1976.166667,333.45,331.6832071,331.4627113,326.8734747,332.5777298,332.734323,326.9777701,334.2435499,337.4059816,333.9504221
1976.25,334.45,332.2233593,330.8415726,338.6870863,332.5214538,337.0221948,323.2338499,331.3381069,331.1856193,324.8032898
1976.333333,334.76,332.1638917,334.1801995,336.6648438,334.9902858,332.6693718,330.90463,340.0304449,335.3786678,335.3328932
1976.416667,334.4,332.07832,331.9850833,330.0999292,335.3675179,336.4978972,328.3915297,332.7553732,333.9099451,335.7133183
1976.5,332.86,332.4804077,333.4874055,331.167149,328.4984711,329.1286122,329.2089106,331.7114037,333.5184105,332.3375064
1976.583333,330.725,332.652489,328.3450573,333.3227249,327.1718916,333.1763565,325.010194,328.6513435,323.5059287,332.4360524
1976.666667,329.35,332.2953484,334.4002033,331.4174221,324.4010125,337.9322945,329.0410623,326.1367572,332.8275232,329.1314432
1976.75,329.1,333.6105879,321.423405,333.6313446,328.6269474,326.6759482,328.225057,327.6131699,331.0228573,334.7467756
1976.833333,330.35,333.2934158,327.0135201,332.5386825,331.5589618,335.9242182,330.6470619,335.0367744,330.7826285,334.2079118
1976.916667,331.625,332.8562225,334.973379,326.165453,338.6946663,333.7037269,333.1826778,333.2913811,332.0367543,330.9818474
1977,332.88,332.9332486,328.2242013,324.1132979,330.1204,329.0564373,328.9660019,324.4553959,336.7251068,339.7340131
1977.083333,333.425,332.9412591,331.4394936,328.4582068,338.3305979,328.8868785,331.2225217,334.4984974,327.4999797,341.1831282
1977.166667,334.7,333.3785656,330.8942734,331.9180732,340.607571,337.1809507,335.881708,340.6860135,340.1250463,325.9910522
1977.25,336.04,333.0961471,338.9969331,332.7523035,337.7805102,337.1162366,339.0449231,329.9483288,332.6601534,338.1230894
1977.333333,336.675,332.8435585,338.0380956,335.8989921,328.3513452,332.7772504,336.1187414,341.303876,336.2434181,339.4666792
1977.416667,336.2,334.6235038,339.8808465,335.5598805,322.3979358,329.9582736,337.3461103,339.4885145,334.6735224,337.7214818
1977.5,334.8,334.622566,333.9303686,335.0251308,332.2411859,330.9884804,334.1378471,335.9874262,334.9633402,333.0248175
1977.583333,332.875,334.5941933,329.5395541,335.3144231,331.9012555,337.6422297,339.9900748,330.8173112,333.0303307,336.2087852
1977.666667,331.575,334.0932957,325.9601142,330.2293602,331.4481686,333.3634557,330.7055234,327.0888119,330.739548,327.3737578
1977.75,331.2,333.8200362,330.7645174,331.6576969,335.6809296,332.1728453,340.6339111,324.5000011,328.3306461,333.0309784
1977.833333,332.35,334.9993853,334.690922,336.2575091,333.2948079,341.3134884,329.2448791,330.6680321,338.507187,331.4507658
1977.916667,333.86,334.666873,329.3076593,333.815527,327.9990344,334.0904058,324.9237329,332.7767225,337.697019,334.6206829
1978,335.025,334.4958474,330.6613551,340.6291544,327.746909,332.2642551,335.5938468,344.7368613,337.4839366,332.7783735
1978.083333,335.35,335.2711455,334.4305665,334.6232415,336.722204,330.5317655,333.4683005,340.9208081,339.9222194,340.5201134
1978.166667,336.6,334.6356302,329.7766979,336.5316613,339.0169678,335.9305341,332.763617,333.0203521,336.7686536,337.2518782
1978.25,337.64,334.9553993,336.243949,333.7835011,334.8780034,337.3246858,339.8200696,339.1155205,337.9128348,339.187981
1978.333333,337.95,335.3667116,334.6269368,333.8202576,337.3624387,342.7284229,341.2355469,342.2587637,333.3197532,337.9938482
1978.416667,337.925,335.8299196,337.439891,334.6832207,330.9907528,340.4910361,334.9997146,336.0874742,331.6844927,341.7431234
1978.5,336.5,336.0424645,338.7532457,338.963421,338.690129,333.1483324,337.824939,333.489818,337.9918177,333.8103706
1978.583333,334.65,335.8243468,338.5240171,325.657795,334.9736203,339.0084169,335.7135174,341.4142338,331.5050447,340.1283842
1978.666667,332.74,335.3247435,334.3097132,337.2854444,332.0846037,330.2018985,330.0805486,330.1129098,329.9348153,337.6906172
1978.75,332.65,335.8995776,325.4789235,334.0916303,326.3920798,333.2895822,332.9960156,331.9752123,332.4650994,340.9278004
1978.833333,333.825,336.6960192,334.965914,334.0490984,329.2972845,338.7152444,330.3679925,334.6289601,336.3072598,334.8110323
1978.916667,334.96,336.1145113,332.8554079,340.2671881,333.4639741,333.9284315,333.859517,337.9464622,330.739967,333.80984
1979,336.225,336.1609554,336.5885812,333.1064746,337.1249325,332.8791722,334.9772121,344.7845765,335.1762528,338.3510349
1979.083333,336.7,336.3331692,344.0172915,332.1344458,333.6316,337.4829807,338.1534376,339.7967679,336.1241376,339.0005
1979.166667,338,335.825275,335.1863949,338.9443896,333.3475639,336.3486683,339.972187,337.2751668,340.1670159,343.8619894
1979.25,338.875,336.715428,337.2045257,336.4640416,338.5277492,343.8842747,341.3240708,335.7556723,340.4869187,342.2326291
1979.333333,339.375,336.9182758,343.3890316,338.7106804,337.5692458,346.102247,342.3948387,344.5809881,339.3369912,345.3662754
1979.416667,339.24,337.5191635,334.6773377,338.0970887,339.6709495,333.2922962,342.0048001,340.4698844,334.475299,335.069348
1979.5,337.525,337.6130083,330.2385229,333.2483177,337.9377521,336.6622432,329.488652,337.0778174,331.6491261,334.2939291
1979.583333,336.025,337.496551,340.2130334,335.3119232,339.014492,335.0079116,337.9093682,340.1262593,338.379632,333.7163942
1979.666667,333.98,338.4368255,320.8484641,332.345121,333.2878105,338.2681382,333.7368549,328.9013029,336.8331127,331.0941868
1979.75,333.95,337.3876012,342.246117,328.9535357,330.3503221,331.9459515,337.9908797,329.2274602,334.7002408,337.5313441
1979.833333,335.15,337.705414,329.7953182,339.0813506,326.7839814,338.0074079,331.4862317,337.3446399,336.7238449,340.6361683
1979.916667,336.66,337.1436717,334.9141828,338.1376908,341.3132873,340.4457552,332.9651746,337.7511919,339.4077747,341.3920682
1980,337.925,337.7515594,334.9563736,333.7080417,335.481327,341.3696611,335.5503228,338.9618143,345.2366661,337.1882915
1980.083333,338.225,337.7767085,343.8970858,340.3104791,338.4657216,333.5660228,334.5835457,332.6737373,345.1715043,335.2490932
1980.166667,340.06,338.0598317,340.7375617,334.7745404,345.8885947,338.459662,337.7676462,342.1050047,340.521949,335.9728952
1980.25,340.75,337.8094979,338.6993917,340.9394447,338.3653225,339.2862119,338.4189755,343.3052768,338.7424055,344.8333068
1980.333333,341.34,338.5897246,333.5474309,345.489713,335.1555798,342.0129324,348.0992625,336.1285549,345.1257425,341.6634959
1980.416667,340.95,338.8470907,336.7955977,336.0416195,336.8986069,338.7578265,342.7298194,336.2491784,347.3266847,337.7821707
1980.5,339.375,338.4412102,342.9721234,332.9438103,336.5250671,346.5034411,340.4676593,338.3441965,337.4058021,336.18964
1980.583333,337.6,338.3687666,338.0741174,334.4195911,335.9093008,327.8418963,338.4263281,343.4991639,339.6975348,329.9837808
1980.666667,335.875,339.1823668,339.9021224,344.3054449,334.3784228,331.6519966,332.4244389,334.7384995,332.1545362,339.6398048
1980.75,336.025,339.3619587,336.8626377,335.7466727,338.0947757,331.9977439,332.1881987,337.4237099,340.6938635,342.7870576
1980.833333,337.06,338.532171,338.0070785,344.1591119,334.4861807,333.7433079,326.8800666,337.6105725,339.3550303,333.7385958
1980.916667,338.2,339.0995165,334.773207,337.9882941,344.0791801,340.8447472,335.3709627,344.7382717,337.3469788,332.7179517
1981,339.22,339.5688136,339.0829537,341.1859468,341.0138553,335.6734808,336.200329,339.0025602,342.12623,340.6285288
1981.083333,340.45,338.8060779,339.9545191,336.3325311,339.8996859,336.9915391,337.2236086,333.1522249,339.6490364,334.1714467
1981.166667,341.4,338.7513502,346.7514552,332.8935345,342.8547756,333.335069,338.0043911,338.6451097,338.1711374,333.826978
1981.25,342.45,340.1017039,346.0450279,335.608566,343.8882164,337.0858677,340.5918622,344.6745823,338.9828145,341.2363309
1981.333333,342.82,339.1054017,342.2103827,341.6095837,342.2269765,338.1113296,345.3863734,338.2652497,345.1684847,339.5674408
1981.416667,342.125,339.185135,337.9397789,346.8071839,341.3128496,333.7092193,339.1988312,344.578574,342.1667617,339.8038871
1981.5,340.425,340.3395112,339.6599058,344.9196012,337.9415048,337.6368873,337.1849337,343.0389001,339.3513213,341.5698167
1981.583333,338.4,339.9609883,337.7170934,333.1970396,339.2096889,340.6284872,333.3020233,337.1379743,341.1359784,333.138444
1981.666667,336.7,339.6189844,336.2924342,340.9317535,330.056919,340.120384,333.3238635,338.0536067,332.6850902,335.1366445
1981.75,336.94,340.2866932,332.556464,337.0076918,339.9833876,340.1221163,340.2866726,334.8548292,339.1065221,336.9545118
1981.833333,338.425,339.7887322,341.4233525,343.3849633,339.3185471,328.0030504,335.1435664,337.5273107,333.739502,342.2155839
1981.916667,339.6,339.7649799,335.6981225,344.4421261,340.5375523,341.0460456,342.0719918,339.2561547,346.9432719,341.5747436
1982,340.7,340.7071998,346.1728605,340.4363745,344.5283548,337.5688631,349.7637404,343.0781428,339.6495029,337.783586
1982.083333,341.55,341.0625646,350.1568788,343.4297319,342.0356825,341.2467063,342.3086296,339.6081168,335.0258614,336.2886938
1982.166667,342.675,341.1366207,342.0774578,346.8141332,335.0966413,345.8398973,343.0260115,341.2067889,341.0568712,339.4667975
1982.25,343.475,341.4251878,344.0927029,343.3422117,346.3173142,346.6463385,348.9178631,340.7928531,351.1501656,348.2039488
1982.333333,343.96,341.2876103,344.0835047,341.0591405,343.7999099,345.0777042,348.489167,338.0566238,339.4747212,345.0238754
1982.416667,343.3,340.1431854,335.9843484,342.1140122,345.5889444,347.1468169,346.4406459,335.4286894,339.7702295,344.2984113
1982.5,341.92,340.5777896,342.3710721,346.1382154,335.6029542,339.9134054,342.0209176,342.9617305,337.8978419,336.5449846
1982.583333,339.625,341.066278,339.7562465,344.6825382,332.7061056,339.6739626,336.6425547,337.5371245,338.319028,341.3503392
1982.666667,338.025,341.6484975,337.0741685,340.0001548,337.9975738,335.0019004,338.8919188,338.5213494,340.7469346,334.0714198
1982.75,337.9,341.9646413,337.7109728,339.9541725,341.3391256,336.0018561,332.3939357,337.4750805,336.7350486,335.3790362
1982.833333,339.275,341.8248428,338.3031297,339.0848298,336.7827724,342.6648656,337.0854214,339.2966588,347.4434052,344.4693024
1982.916667,340.425,342.3726727,336.3320994,332.5722589,336.0591583,343.8821111,341.3955557,340.4816334,341.0344111,344.0172544
1983,341.34,341.6828285,345.6042186,340.327069,345.7750383,346.3380344,341.554563,340.9457344,341.4057314,340.1385982
1983.083333,342.5,342.6003215,345.2910611,346.0963109,342.6325063,337.7559456,339.4298522,344.9154033,343.7405408,340.1256294
1983.166667,343.15,341.0335097,345.4494124,338.0177127,347.886065,344.8713911,334.0247931,344.1543916,344.1809925,342.4927389
1983.25,344.9,342.5409319,345.6105605,339.4600915,342.8882128,349.3672311,343.392427,343.6268983,345.0182698,342.0694948
1983.333333,345.65,341.6500396,341.8876853,342.1703418,342.5130735,351.2629069,344.790553,345.7429502,344.0616457,346.3069334
1983.416667,345.275,342.0718422,343.3775372,342.5645695,343.0958503,351.8815399,343.8330921,347.057722,347.6168437,346.2094414
1983.5,343.82,342.2744438,349.170824,346.4078535,335.6982442,342.0469547,347.8147755,347.4767772,343.9164948,339.6933528
1983.583333,342.15,343.3047252,339.4221616,343.3252554,335.3161739,340.5492726,335.6268476,339.0399257,339.3600752,341.7180967
1983.666667,339.875,342.8955861,341.9771393,341.0559786,331.6921393,338.4510322,342.8683321,340.0956957,342.8664197,343.2051533
1983.75,340.02,342.9945888,340.5974477,343.6380291,341.0619204,343.2528734,332.5810978,335.5759056,341.6260831,337.9674113
1983.833333,341.15,343.1927444,340.1554522,337.6844838,339.7835268,343.4017559,344.408473,333.4413687,338.2931304,341.2707576
1983.916667,342.98,343.5219282,340.4316231,344.6510273,342.5666815,341.8196483,346.9421004,340.6557183,343.5055295,341.4615679
1984,343.675,343.7205357,345.3291058,336.1953221,344.149809,353.0269146,340.2685044,343.1707756,341.2805337,335.7179701
1984.083333,344.425,343.5269166,343.2976581,344.8545622,340.241482,349.1358344,344.3336893,338.1218228,338.2795732,348.2421427
1984.166667,345.175,344.1643438,347.9092026,347.1541026,350.7661177,338.1150926,351.2146538,349.812289,349.5597692,351.7448772
1984.25,347.4,343.7040257,341.9305797,342.9491757,341.6531129,346.939372,349.1560651,345.5987887,341.7296027,339.9088136
1984.333333,347.35,344.2543165,349.3648401,344.4909724,338.2040688,344.677835,338.1859962,344.0489417,342.2009883,343.3274161
1984.416667,346.66,343.2132645,343.3322713,343.6264953,341.1072873,340.5976101,343.5170228,347.2735081,345.2092788,348.8436646
1984.5,345.2,343.8104277,344.4544345,345.4838488,349.8926564,338.7168367,346.116767,341.9496767,346.1836205,351.3896686
1984.583333,343.3,344.8711049,344.9287845,344.0979271,336.6845445,343.908394,344.4999729,342.7734201,347.8636446,345.6468278
1984.666667,341.12,345.2987501,343.6822592,341.3223528,340.0617155,344.5124259,339.7848935,343.2172288,347.7017019,340.4231615
1984.75,341.475,346.0020433,341.9896612,339.8911482,341.7519703,343.3197275,341.4996728,340.4627565,343.3160545,342.0210229
1984.833333,342.85,345.8235226,338.5476743,336.3397563,341.2519662,347.7051296,333.3938992,348.508172,340.6801874,341.0717887
1984.916667,344.14,344.7292865,332.9922432,340.7995043,345.1333638,343.4093074,343.9371738,346.8693916,347.9140513,342.7488954
1985,344.925,344.8748144,343.4817864,339.0239431,345.2657958,339.9920807,341.0413138,337.4774233,345.4525547,340.576879
1985.083333,345.875,345.0343745,350.0229578,351.4709002,341.2538792,348.8999248,346.081804,341.206847,346.8798166,346.8687961
1985.166667,347.44,345.8660928,348.2489767,358.5838245,351.6819495,350.1334583,341.3795023,352.0782231,345.1799429,338.1819009
1985.25,348.325,345.9253515,341.3303098,351.4730946,352.7324174,345.5235996,350.9243924,344.5619604,344.8497442,348.1999386
1985.333333,348.825,345.2018726,348.4731489,346.9426196,351.5069882,345.6198812,345.0023445,348.3867489,344.0726608,352.9807127
1985.416667,348.18,346.3418383,351.4728559,341.1789044,346.0852559,340.8304586,343.8361496,349.8127617,348.5419952,356.0246681
1985.5,346.45,346.1797784,342.350241,347.0606903,344.5890824,347.83731,347.6301302,348.536949,346.0395224,350.659149
1985.583333,344.3,346.0154397,349.280125,341.3309782,339.1031191,342.5220471,338.3082285,343.5205212,342.4180362,344.0664001
1985.666667,343,346.0462782,344.7543105,339.4641869,339.3881534,346.3989932,337.1517184,337.1554144,342.2172026,344.165965
1985.75,342.8,346.3755902,343.023702,340.9776548,343.7623391,342.1943554,343.9751143,344.2528026,346.021412,344.5856103
1985.833333,344.22,346.3408408,344.3316239,342.939346,340.377062,338.7503129,345.4292209,346.5217187,350.7135068,344.4019441
1985.916667,345.575,347.2518561,346.0648557,345.1571909,345.4368729,348.559899,341.7765278,347.2065695,353.0199357,344.128333
1986,346.25,346.5644834,341.8660603,342.8995721,351.7913277,344.7919381,349.33723,351.433979,349.5674689,348.636998
1986.083333,346.825,346.3291581,342.8843172,348.3950664,345.7061564,347.9686493,352.3539113,346.4393238,350.6971225,342.2796477
1986.166667,347.74,347.3400794,343.0731632,344.3085488,346.499863,342.8869423,352.4974419,349.7043242,341.1980574,353.1460513
1986.25,349.525,346.5834406,342.9328656,345.8553519,352.5054173,345.4601528,344.6084263,349.9423607,353.5483945,351.4926278
1986.333333,350.08,346.9571246,351.7853672,346.2904954,355.392732,350.6645247,352.1811267,350.9567477,348.2046389,347.3284632
1986.416667,349.375,346.9459331,349.7169892,347.7125715,344.9265332,353.6519022,354.7497437,350.9935647,352.7854745,350.1846257
1986.5,347.825,348.1923714,343.8737943,350.7451253,339.1219783,348.474892,348.7395351,353.3852619,350.5438082,348.9571875
1986.583333,345.82,347.6035998,340.4033689,344.7933841,341.3611314,336.1174401,343.2394449,340.9087351,349.5025298,346.2682963
1986.666667,344.8,346.9075417,349.62319,341.4351486,344.9279141,336.4472953,343.8052703,345.5855916,347.8968098,346.0395211
1986.75,344.1,347.8806419,344.3740638,340.2936351,347.0845865,341.6370392,347.0065742,353.1477394,345.333361,343.1472202
1986.833333,345.62,348.0662882,342.5561736,341.7802492,348.2018962,344.6496996,343.7578384,344.9998554,348.9229528,351.1814285
1986.916667,346.875,348.5762864,344.0518625,346.7609483,351.9180421,354.4925067,356.4974217,349.0619492,347.5756609,343.0390309
1987,348,348.0578549,346.6807973,345.6274177,348.5318659,346.3102534,345.7440522,347.2706576,342.0551798,343.7743773
1987.083333,348.5,348.0613675,346.9775222,345.7803942,355.8178897,340.6580069,342.5385458,347.3124884,354.4878538,344.2468125
1987.166667,349.475,349.3058433,344.7420971,350.5613465,354.2527914,347.2673,348.8707366,343.8376125,350.4821474,351.4514994
1987.25,350.85,349.1602415,355.3021409,339.9025961,350.8514384,350.1102476,347.1912838,361.2815982,353.9310599,356.4275188
1987.333333,351.74,348.7130143,355.0162812,349.824649,348.0709532,359.3055968,352.4933157,349.3694058,351.6875717,355.7384654
1987.416667,351.15,348.8991286,354.636685,349.81283,347.1453345,352.8506087,349.4911189,350.3322874,355.0688779,354.9936144
1987.5,349.45,349.5552437,347.9284183,351.0147269,350.2704224,342.4819486,347.3610973,347.3486953,349.4580422,352.8182004
1987.583333,348.08,349.7176183,348.926665,349.6230515,341.3257485,352.3428804,341.3695195,351.0377453,342.3689543,346.1018014
1987.666667,346.4,348.9080946,344.7203719,344.6223105,341.5090384,347.992501,346.056482,345.8631675,349.3776563,349.6202926
1987.75,346.44,349.9097274,345.2939481,352.1276623,345.1636063,348.0558749,344.2059588,353.568539,346.4979741,343.7979183
1987.833333,347.925,350.0993379,341.9760473,345.4648166,342.6242024,350.2100135,351.189696,352.2425808,340.8185355,350.153509
1987.916667,348.925,348.5011748,345.0805827,352.7030301,348.1465265,357.3243693,350.5339754,345.0136072,351.6800894,348.5595827
1988,350.4,349.7962031,348.6453227,344.2623396,347.909027,352.2964105,351.7249288,357.1512178,353.3905575,353.5008105
1988.083333,351.775,350.0875544,347.268418,348.7052028,344.3500008,355.6387259,345.7772012,349.6516732,350.2960516,356.3572798
1988.166667,352.125,349.5306831,350.7041378,351.4326072,359.4905252,353.8433551,358.0334206,355.6084845,353.893785,358.1049023
1988.25,353.58,350.0074579,354.74909,350.414057,351.2943105,357.5054035,349.2048729,353.5470681,354.2110189,348.7958006
1988.333333,354.175,350.1601684,358.4591112,347.4966429,344.1535358,360.2041641,357.2860475,357.2110366,349.0055866,353.1905626
1988.416667,353.75,350.8342302,349.1496393,346.5108102,351.500105,359.4203424,356.7998636,349.3490507,354.8577411,355.1981182
1988.5,352.22,351.8016545,352.9642449,351.5645731,347.4465237,354.5758024,352.4926658,351.8059715,350.7745397,350.2374978
1988.583333,350.3,350.9544019,347.7977713,341.012961,347.3933179,344.440253,352.4734513,351.6070146,344.5491737,348.7903678
1988.666667,348.75,351.6676122,355.3818683,353.1228273,352.8214712,350.5412379,348.6098208,344.5340392,345.6680884,348.8590564
1988.75,348.96,351.2073888,341.6963322,349.2686906,352.1400362,352.7206801,350.6331049,345.2332668,343.7090791,345.4574876
1988.833333,350,351.8576147,346.8875566,347.9243995,347.2400857,358.0135271,349.9932342,350.6542799,352.6573378,354.2901742
1988.916667,351.36,351.6514859,354.8437494,352.4785581,351.7276386,349.696074,346.3944222,350.4394165,350.0727765,348.9653404
1989,352.775,352.2122029,351.6309951,349.5561151,345.6867792,351.5111463,353.0885432,351.9353573,356.5426208,348.7831832
1989.083333,353,352.3842461,354.8522402,352.8253553,356.6739334,358.0844398,355.219635,353.3668871,355.7368772,352.0130383
1989.166667,353.6,352.3770467,355.5585193,348.9933243,350.7958745,353.9279329,354.5044047,358.1782668,349.2218369,358.7367201
1989.25,355.36,351.7080907,352.4922227,355.3718395,350.3364929,347.4668662,354.8561468,356.3008883,350.5792635,355.5341432
1989.333333,355.6,352.7698749,356.2445979,356.3798406,357.0533546,352.0862541,356.3753077,352.17352,348.7919391,358.0477378
1989.416667,355.125,353.0078294,359.5959242,353.9042663,353.5008678,352.8778836,357.6427149,357.4183157,354.2525072,356.4908355
1989.5,353.86,353.0574786,354.4824407,355.3144287,356.3075934,350.1875039,354.3297414,359.2049388,347.6875082,351.9799858
1989.583333,351.575,353.1185864,353.286511,344.2179945,352.9036804,357.5027188,353.3345432,356.8946621,351.6664902,355.7165159
1989.666667,349.86,353.6199538,346.3345429,343.9521838,349.2021805,341.6379537,349.1766737,351.6743801,357.3894298,344.7243425
1989.75,350.05,353.5907316,353.4509121,353.5212525,343.4379904,348.4452379,352.0337462,353.7503911,338.1143196,346.9454211
1989.833333,351.2,353.4196201,345.7324006,344.2856469,352.563165,351.8708258,352.0087607,348.6490025,355.8307658,349.0869029
1989.916667,352.48,353.6466767,345.5439538,351.0347585,347.7367261,349.9602583,354.3222147,355.8660452,357.0869998,352.6957694
1990,353.65,354.0522378,353.2516937,352.4276181,353.9449199,352.0410709,349.642716,349.5046751,354.5715548,352.9735421
1990.083333,354.65,353.4145635,361.3952016,367.81404,355.575265,349.2956172,361.4674988,356.8007363,358.2776002,352.7227507
1990.166667,355.48,354.8774695,359.5153721,352.3171266,359.1795009,355.899626,351.6997759,352.1415242,362.0178284,349.8968719
1990.25,356.175,353.9808807,358.4002432,362.2759046,346.3840842,358.1593578,356.5339726,359.4681727,360.2765169,359.8363442
1990.333333,357.075,355.2600359,353.228381,358.2823126,355.6846999,356.706133,353.2535855,357.7606149,360.0086112,358.616489
1990.416667,356.08,354.9201634,358.2751961,355.5563407,357.0695646,356.9633658,356.5452227,353.8361329,356.1173317,356.0390212
1990.5,354.675,354.0422164,349.4562915,358.4336479,351.0373747,354.6208705,348.4046692,348.6405244,355.6499221,354.4465284
1990.583333,352.9,354.5019691,361.9310321,360.2076964,351.7689116,348.4126688,356.57415,351.7898765,352.6966995,352.8347519
1990.666667,350.94,355.0865794,353.3908563,354.2079835,354.0769652,350.8328527,346.4421419,357.8221814,346.688394,353.1983107
1990.75,351.225,354.8598686,350.5472737,349.8587462,358.0747698,347.677395,348.0119938,353.7055714,352.0740118,353.6915363
1990.833333,352.7,354.0709585,347.7741474,352.5030548,348.7602927,347.6137673,347.4352111,352.5336162,353.7556172,347.0766917
1990.916667,354.14,355.7349909,356.5423522,358.2275545,355.7564917,358.3140888,355.6009086,353.9632307,354.9161724,352.8206816
1991,354.675,355.0392195,355.2214893,351.4937496,354.6044543,355.1013959,357.695702,357.3463382,363.2358264,354.4428628
1991.083333,355.65,354.4241596,356.2725302,357.8777963,351.1166795,363.6997864,357.39995,353.5418726,356.3975172,362.8391331
1991.166667,357.2,355.6914708,351.832888,361.4560015,361.747265,360.3798099,354.4294895,358.1872718,361.360975,359.0965419
1991.25,358.6,355.7322444,358.6055052,358.1437332,351.3727018,360.0046556,357.0927453,365.1606547,351.7969188,352.531319
1991.333333,359.25,354.9855686,360.3338183,353.9924121,364.7497256,356.6367435,357.8487079,358.1728133,359.1198576,360.6208612
1991.416667,358.18,356.2216841,366.1159246,353.5577838,358.3389778,364.1692194,359.214368,358.0297378,356.1501116,359.4277907
1991.5,356.05,355.5982272,353.9461629,359.8866271,355.7938836,357.0188871,361.1536147,360.1345651,354.3296571,348.4232238
1991.583333,353.86,355.4252503,353.8422564,358.3655045,358.2714779,354.4390323,355.1290996,350.1587302,356.2154433,351.5656581
1991.666667,352.125,355.9981635,358.0785586,353.1979564,347.7262444,362.2044695,346.0651238,351.5731881,358.5208535,346.4937007
1991.75,352.25,355.8120146,351.4513003,349.3094655,357.2212998,362.9139482,355.2196194,352.7682998,348.9494703,350.2887933
1991.833333,353.74,356.0377182,354.3499535,347.1498339,349.4371943,356.5058429,353.5360527,354.1788543,349.6933989,348.0455679
1991.916667,355.025,356.125463,356.2078469,357.1392517,353.1946305,356.2517733,358.4037588,363.0921313,353.7740878,346.199969
1992,355.9,355.485215,358.5864826,354.8099252,354.4201659,355.86476,354.4583878,354.6436453,352.9870595,356.5002589
1992.083333,356.68,355.6520067,360.3754499,352.6830844,357.0685876,356.3077542,357.1642591,363.60759,353.7924622,348.1279378
1992.166667,357.9,355.9127266,359.4378275,358.634623,357.967692,359.8580264,353.2445879,356.9621917,353.8829303,357.3691138
1992.25,359.075,355.6851808,356.7068836,356.8772468,355.2118858,356.1900359,355.0325052,361.2702056,353.6810467,359.2833517
1992.333333,359.54,356.7457384,361.7903517,360.2072593,352.5874151,356.4224482,355.3414365,361.9859566,362.7495186,359.3045015
1992.416667,359.125,356.3027923,360.2501902,360.9398883,362.3328892,350.6462615,360.4472298,353.8062354,358.734289,357.9079252
1992.5,357,355.7194191,356.62583,355.5740828,360.9072417,349.2403857,354.8276977,357.5466644,358.532679,362.904945
1992.583333,354.86,356.2755314,353.9528599,348.964933,349.0625382,354.4821716,363.2116495,351.9871044,356.1211221,350.1071774
1992.666667,353.025,356.3216361,352.6943848,351.3051682,353.9121378,356.9339688,358.0087623,355.6589096,354.398134,349.7815283
1992.75,353.42,357.0391658,355.1829916,354.268772,362.0677686,356.7589763,356.6117631,346.9817513,355.2036667,353.3853071
1992.833333,354.2,356.6478638,347.6361609,357.704916,354.5194082,355.7194337,350.2962456,350.0431174,347.7919963,356.6414026
1992.916667,355.35,356.9740439,359.4927087,352.5196982,354.2844664,351.9203761,354.533772,360.6602091,351.2231915,349.0485527
1993,356.68,356.8412861,360.2465654,356.499304,360.818977,355.5210182,356.1988805,356.9288947,355.9110649,359.4935829
1993.083333,357.175,356.6712258,363.2429875,360.4566357,357.1171977,358.06244,358.5468627,363.8109738,351.7259413,359.4264921
1993.166667,358.425,356.8630907,363.7647002,355.0441832,352.9235472,353.9838345,353.4491839,357.485724,360.6085252,364.8401944
1993.25,359.325,356.7321329,359.0144626,357.7145179,364.9832309,358.1678187,352.172376,359.4216739,363.042595,359.6143185
1993.333333,360.18,356.9904518,365.4250345,353.1233281,362.1722542,359.4414047,359.7740722,357.3793091,351.0665843,358.1420748
1993.416667,359.5,356.4570612,364.2740328,359.2821544,362.5724952,359.268312,356.4137039,358.0658717,360.9856665,367.107744
1993.5,357.42,357.4268616,357.3964403,353.7442162,361.9211049,355.5127771,356.9587356,354.4798141,349.6739392,361.2517392
1993.583333,355.325,357.4863416,353.7013249,347.1646558,356.6723652,354.3562899,355.597051,351.8620071,354.9918979,359.8482481
1993.666667,353.775,357.4799507,357.9646414,346.8943933,352.5219104,357.6608574,352.2427724,352.847864,350.1581514,353.9891294
1993.75,354.06,357.7268378,352.3448938,349.1626032,347.4694517,356.1471177,353.8473188,351.6966843,355.8739027,351.5247606
1993.833333,355.35,358.5230852,351.8379861,355.0470027,358.6835639,350.9347566,355.5370151,360.3499647,354.1937153,355.6798579
1993.916667,356.775,358.1843738,353.0630795,356.3335592,359.5269795,357.6304259,356.5941287,357.3011013,354.3969355,362.7546025
1994,358.32,357.3805763,356.2409367,358.2294765,361.7327293,353.7642068,357.7856475,357.0364169,350.8034903,365.6352363
1994.083333,358.9,357.3778242,356.6267948,357.7039218,361.3992575,355.3495854,351.4132221,364.7955192,357.650389,363.7649085
1994.166667,359.925,358.5859021,352.853177,360.2520732,360.159935,360.9867307,359.8142668,364.8315869,352.645309,357.5178386
1994.25,361.22,357.8340868,358.8846977,356.1132092,357.1953649,358.3662697,359.4401782,361.1611701,359.633884,362.9550593
1994.333333,361.65,358.5040709,364.8695318,363.1392436,360.4541221,362.8029437,365.3197578,357.8675496,364.7276392,366.5154018
1994.416667,360.9,358.7384387,361.3131516,360.516037,359.5780462,366.3677061,368.6121233,370.2062761,363.2915949,365.2142078
1994.5,359.46,358.8702005,363.1911907,355.6222221,359.0532655,354.1358718,362.3364802,359.3407525,352.1153724,368.4250047
1994.583333,357.375,358.9388093,356.1998719,353.6659913,360.5097033,353.6898675,356.104856,355.9782294,360.6413612,353.8098075
1994.666667,355.925,359.6410853,353.0891751,349.9158381,363.3606554,357.5039223,359.6065615,354.0798771,363.3029412,362.0125556
1994.75,356.02,359.2889479,352.5091609,351.4943541,352.1000204,366.3970546,359.466723,356.4654621,353.3603498,354.586204
1994.833333,357.575,359.864436,345.937961,346.6608639,352.219186,365.9553585,353.4078246,355.9116449,358.6166593,360.7906431
1994.916667,359.06,359.829555,357.3236597,352.3671925,359.9281097,360.5399046,357.324654,356.5803866,350.376757,361.0847283
1995,359.975,359.7730544,362.7405596,364.4978746,360.6918964,354.9984338,356.2260521,359.9237962,359.5656393,358.4864278
1995.083333,360.925,359.2325625,359.0832879,357.9930076,361.4342583,359.1955966,358.6925417,360.7675473,363.8725567,367.1821072
1995.166667,361.575,360.0155589,363.614475,358.5273667,366.2009812,358.3988291,358.4069464,351.9746324,360.668273,362.0311889
1995.25,363.36,359.9100545,367.6376212,371.6771519,360.6649239,369.8117715,362.7574718,360.7550737,368.2976832,369.8818569
1995.333333,363.7,359.9491134,366.8931799,365.0551543,359.8761937,367.0035394,359.3833419,360.44393,355.0745029,360.724731
1995.416667,363.25,360.6177212,368.6656409,366.7620251,359.13638,362.0763325,366.3812099,358.6233173,361.0652206,365.9959963
1995.5,361.8,359.8720939,365.8343663,358.4836706,357.3179732,355.7833415,363.2743044,356.7065721,357.138347,357.7601313
1995.583333,359.375,360.9020348,363.4271732,358.2622809,362.3107739,358.0345215,363.4750593,367.6306819,359.4897187,359.0348658
1995.666667,358,360.9290636,360.455362,357.4530429,352.3680081,363.2341625,362.2456737,356.3305495,356.1333067,355.5342874
1995.75,357.85,361.4750336,356.0670189,359.8131154,356.6171216,359.2536474,354.7070842,356.3615434,363.4605095,359.2160947
1995.833333,359.475,360.7396259,359.9622159,357.8639292,363.5909214,357.3748808,353.7571683,359.3482553,356.4841301,358.2149145
1995.916667,360.7,361.8381192,361.6826986,365.0346448,364.0835022,355.8278013,364.1500426,356.7801699,357.1400515,359.4923178
1996,362.025,361.2659594,367.224764,356.4845517,362.8485845,356.1697569,360.5304059,362.3811961,362.8017136,363.6171967
1996.083333,363.175,361.5122525,373.3338823,360.0976298,357.0510929,364.1270972,359.9100574,364.842569,358.435656,363.02898
1996.166667,364.06,361.9941137,367.3141543,364.5028567,365.6300488,365.9683329,364.0218964,357.8338678,366.5648007,362.762973
1996.25,364.7,361.3751845,371.6836773,360.6569298,354.8738042,362.7892574,363.9799933,362.5029284,357.1769172,365.5813509
1996.333333,365.325,361.9481462,368.7029571,363.6837586,359.5184186,365.7134817,364.4824276,362.9379468,368.2436765,364.2353859
1996.416667,364.88,362.7333882,365.9744139,365.0543142,357.9871186,365.1367196,364.3030996,361.3436609,363.2059831,365.8257759
1996.5,363.475,362.3779776,364.1443006,365.7058467,362.321689,354.3440595,360.5124711,358.6522813,365.1236155,362.7319355
1996.583333,361.32,362.6372926,363.9799396,352.4966156,361.5461321,355.6263007,367.6751833,368.036184,358.7426538,356.4363959
1996.666667,359.4,362.3219421,356.3506207,363.0463857,363.8063237,362.8339269,359.7194259,361.1639086,362.9831055,347.9095455
1996.75,359.625,362.715196,355.4749858,361.9787977,363.5664145,362.9930078,349.5119063,361.7297439,360.8112749,357.2317008
1996.833333,360.74,362.6957904,359.5491824,354.8878568,357.2426693,366.2614297,359.1063809,364.759877,362.6733606,362.6163858
1996.916667,362.375,363.4517692,362.501511,360.0991587,366.6682144,369.0267638,361.2104346,366.8427895,363.1970411,358.4772023
1997,363.125,362.8661419,365.2188772,361.4187571,368.0364225,355.7328258,361.1667578,364.5218022,365.3904146,366.4898844
1997.083333,363.875,363.9394748,366.1980066,362.9465108,366.84649,364.5349305,358.641132,366.6959232,361.4415482,366.6353859
1997.166667,364.56,363.7048451,370.0315374,365.9754547,371.4002304,364.8752098,366.0927501,358.7179747,365.4144575,365.6039456
1997.25,366.325,363.7771896,369.0675947,365.378651,365.0345028,367.8816732,363.7259999,365.2369232,363.2087889,368.9502687
1997.333333,366.68,363.4297237,374.8143983,362.6329247,367.8922352,364.3905711,366.705164,363.3906867,364.6088556,366.5957105
1997.416667,365.475,363.6026275,362.3732763,366.0916924,375.6552696,366.137055,364.5328003,369.2644717,364.1592996,371.8881612
1997.5,364.375,364.1054284,362.8202953,366.1151567,360.624296,362.2854641,363.6968483,360.5779881,364.115456,360.6059158
1997.583333,362.46,364.8218071,362.0512449,364.1938931,364.5270604,362.9628001,360.0062532,363.0736367,362.4370115,359.4282798
1997.666667,360.15,364.9788244,364.0277179,368.443667,360.5402894,355.4813446,360.5114783,365.6598691,359.124991,360.3688362
1997.75,360.75,364.3641259,360.5391068,362.4058923,357.1663814,358.6997786,356.4105837,366.6403864,357.7753334,359.3765243
1997.833333,362.38,364.6877916,359.5113388,360.7162478,358.6772397,363.5197789,360.1223796,366.9612273,356.4883165,365.9111817
1997.916667,364.25,364.5460233,360.5135878,361.9404558,364.917802,365.45264,367.4933423,359.2451031,363.5351434,359.9524424
1998,365.34,365.1824475,374.4702687,365.6557626,364.9118527,360.4915196,365.9626529,369.5913126,365.0641246,366.3602821
1998.083333,366.2,365.6893254,369.7600086,371.338515,362.0667826,367.5178514,366.0852901,368.6177162,361.6883157,363.992594
1998.166667,367.375,366.2720367,373.5323437,360.2686652,362.8433047,368.3137289,364.9891465,367.0634404,368.7279588,371.1092811
1998.25,368.525,366.0783735,372.9251646,368.6442637,366.2282068,364.6833381,368.1434144,366.6968545,363.2555964,369.9857629
1998.333333,369.14,366.3438191,365.3239288,373.9710313,367.6401495,366.8321671,371.5499896,370.6244762,374.7366308,366.1368577
1998.416667,368.75,366.3245113,371.7392233,364.6230396,371.7675443,371.369226,364.2940557,370.0858131,364.8382288,375.104927
1998.5,367.6,366.8357002,366.9355656,367.5334504,370.706534,364.3474968,366.4068105,365.9701616,371.4782613,360.3987261
1998.583333,365.72,366.1892646,372.042128,359.5162827,367.213788,365.2017057,366.9285945,364.4284688,360.2809534,365.78865
1998.666667,363.925,366.2416135,370.1672434,362.9821427,367.533331,363.8661813,366.848763,359.4341038,366.5500363,361.8292332
1998.75,364.32,367.0111072,359.1822596,364.9961673,350.9337979,369.4223338,357.7962492,370.217141,361.7872227,366.8875652
1998.833333,365.55,367.5372678,360.4291565,366.6489303,369.2539185,355.8036133,366.5320066,364.7823924,360.9992152,361.9028387
1998.916667,366.925,366.7050795,369.3369776,361.1798582,368.0562506,366.1489146,367.7098805,366.7882064,365.8686075,360.8006729
1999,368.12,366.8676075,366.0310592,360.9414044,365.2215375,367.0061809,362.8823436,364.7139166,368.8488429,367.1869051
1999.083333,368.85,368.0034499,374.0325639,367.1003915,363.5088213,367.3841576,361.9688089,369.648631,362.8798423,375.3333193
1999.166667,369.6,368.1809611,361.1419757,363.3289144,371.8082996,365.0918055,371.5440244,368.2375517,362.6662151,372.6715006
1999.25,370.975,368.1108431,369.1668064,366.4148608,372.0005164,373.2242806,371.1706932,364.7296528,370.5919767,363.4334141
1999.333333,370.84,368.1978092,373.4772999,373.2393346,364.3359141,369.7099238,371.2740261,361.6521662,369.8980074,371.8344506
1999.416667,370.25,368.5603605,368.3315902,375.5210973,375.588867,373.8865932,372.6960802,368.0765839,372.6943924,368.1609334
1999.5,369,368.1775338,368.1745881,371.0232873,367.0505402,369.1223813,376.4956669,364.6692045,367.37335,366.6022727
1999.583333,366.7,369.5791663,366.0580503,365.4501308,362.2170704,367.1521875,363.5303698,376.0470082,368.8569042,371.1943208
1999.666667,364.675,368.183997,361.0739491,364.1653922,364.1031535,370.3059385,373.1222023,366.9413689,371.4904088,373.2823647
1999.75,365.14,368.3255086,367.3065805,358.9204746,367.2171318,363.9099535,359.3711648,363.2418722,369.2626152,363.4279019
1999.833333,366.65,369.6679426,368.6633762,363.5313385,357.0524894,362.1000787,364.4848313,361.9234053,368.9963972,364.6753753
1999.916667,367.9,368.3281594,367.2876062,372.2907573,361.464884,367.0972972,370.7016111,367.8541627,373.1687448,368.7115386
2000,369.02,368.5933221,370.1476233,372.4649886,366.3166978,365.6432374,364.4554854,372.5056133,365.7920575,375.1875754
2000.083333,369.375,369.9420471,373.1047995,364.1414149,368.1547468,377.1718161,369.1498541,367.5509725,374.0485866,366.7038699
2000.166667,370.4,369.3802871,373.3960903,370.1488259,371.6259834,364.382425,372.4835719,372.1418468,368.2688655,371.8058308
2000.25,371.54,369.2178442,377.2582005,364.9434313,364.4253445,371.3589893,382.0931795,370.5957257,361.8442099,368.1425044
2000.333333,371.65,370.3898703,370.9871613,372.6721743,371.7326598,374.1175137,365.5448845,371.5547298,369.9158908,382.4291712
2000.416667,371.625,369.4431237,373.2541896,376.0859813,369.049388,366.4339887,371.4587993,377.1758336,368.4437364,374.4736707
2000.5,369.94,370.202388,369.9681813,370.3397017,376.6137966,366.9516891,374.8015884,365.3885757,371.7820827,372.386696
2000.583333,367.95,370.1253284,377.5033065,363.1534289,367.3057142,368.4723738,364.4583459,373.4572397,366.2243357,371.3341155
2000.666667,366.54,370.8000867,374.0915229,363.9431228,370.051968,370.0176895,364.1570571,369.8514474,362.7967978,365.9613538
2000.75,366.725,370.1032864,369.4954262,359.177396,364.771963,370.67057,369.3474383,372.0081054,368.1574371,372.7229913
2000.833333,368.125,370.0915614,370.2784441,367.9009418,361.7265219,365.6366478,368.8603327,362.8818918,368.7645205,366.5712164
2000.916667,369.44,370.1673022,373.7768562,367.7947001,359.7109524,366.0063301,365.8862593,368.3801485,367.5629073,369.9074825
2001,370.175,370.6395071,371.3518841,370.4717638,371.8061606,364.9885257,369.264671,368.7057465,372.0505594,364.0607934
2001.083333,371.325,370.0520985,380.2908099,365.0706766,373.7351479,366.7155056,373.0110278,367.1120506,378.0430655,376.96528
2001.166667,372.06,371.0308151,382.5089582,373.0004769,370.4654374,369.9701539,374.5044985,369.4857144,375.8344269,372.1758722
2001.25,372.775,370.7743426,374.2719809,376.756125,374.9937292,372.1591094,375.1836874,374.6321152,377.1932474,369.3108217
2001.333333,373.8,370.4673108,368.5634285,368.03873,366.7787809,375.9287725,371.3063535,366.1868298,364.588038,375.3946135
2001.416667,373.06,370.2965387,361.6658103,375.6734288,375.1075359,371.4997134,374.9372916,368.4121458,376.7994031,373.6715885
2001.5,371.3,370.7527013,369.6344075,370.5295009,375.6240453,378.8918644,371.2122936,369.7667072,369.7598527,373.6753776
2001.583333,369.425,370.2456648,368.1158543,367.813745,362.2248167,368.1749985,368.6727333,365.9858064,366.7458905,370.3343449
2001.666667,367.88,370.048657,362.4357465,363.2677747,368.7827028,367.1040942,360.1819707,368.7780119,368.3409244,371.7369953
2001.75,368.05,370.7784952,366.825297,368.2795844,367.5566909,366.6691108,364.1258644,364.1281119,372.8605441,363.2647631
2001.833333,369.375,371.0948063,367.8880808,366.2625669,360.8905108,372.4973144,370.3487563,376.5564287,370.9514692,365.1731459
2001.916667,371.02,370.4305775,378.3079513,369.9193125,378.1386608,367.4215764,369.5151629,370.5866894,377.7541679,367.2894669
