,0,y_predict
0,1958.1666666666667,311.03028856303075
1,1958.2134634634635,469.3274200497439
2,1958.2602602602603,175.30205316519604
3,1958.3070570570571,570.9130441203502
4,1958.353853853854,162.2178052021699
5,1958.4006506506507,532.1088496226416
6,1958.4474474474475,276.02466585339846
7,1958.4942442442443,394.34843212867906
8,1958.5410410410411,439.7086432783276
9,1958.587837837838,261.41310716441376
10,1958.6346346346347,548.5645986279617
11,1958.6814314314315,226.04441360986715
12,1958.7282282282283,540.1704933810277
13,1958.7750250250251,306.79776340148027
14,1958.821821821822,436.1744943742007
15,1958.8686186186187,441.2099867063221
16,1958.9154154154155,322.5345698340131
17,1958.9622122122123,536.6862617152975
18,1959.009009009009,283.6410020249465
19,1959.055805805806,536.4841092922723
20,1959.1026026026027,344.7866925164086
21,1959.1493993993995,453.2004560062261
22,1959.1961961961963,461.45866415656127
23,1959.242992992993,354.8629917214985
24,1959.28978978979,552.4150327041059
25,1959.3365865865867,316.6601066522389
26,1959.3833833833835,555.8497911350555
27,1959.4301801801803,372.6145023448174
28,1959.476976976977,470.0308965489946
29,1959.5237737737739,490.48836179096264
30,1959.5705705705707,359.2364767088028
31,1959.6173673673675,590.3422591200318
32,1959.6641641641643,310.7267881591502
33,1959.710960960961,597.172883925089
34,1959.7577577577579,371.7982682301989
35,1959.8045545545547,498.4044157277975
36,1959.8513513513515,510.5900758666558
37,1959.8981481481483,360.6966301044699
38,1959.944944944945,634.5050442643353
39,1959.9917417417419,285.9634323240559
40,1960.0385385385387,654.5512406637516
41,1960.0853353353355,337.16391277162535
42,1960.1321321321323,549.9901262616945
43,1960.178928928929,492.2604137998151
44,1960.2257257257259,384.107776634364
45,1960.2725225225226,655.5540581350925
46,1960.3193193193194,265.0440320832039
47,1960.3661161161162,720.32040932018
48,1960.412912912913,277.0631297397452
49,1960.4597097097098,635.4721993310113
50,1960.5065065065066,427.1553870267029
51,1960.5533033033034,442.7536094583444
52,1960.6001001001002,633.4235592162827
53,1960.646896896897,258.21836621190386
54,1960.6936936936938,767.5234159024262
55,1960.7404904904906,203.92666203146732
56,1960.7872872872874,733.0674423407097
57,1960.8340840840842,328.4995033324815
58,1960.880880880881,536.0287462329513
59,1960.9276776776778,566.4521292387121
60,1960.9744744744746,291.4174043473886
61,1961.0212712712714,772.406308268558
62,1961.0680680680682,153.96969088365657
63,1961.114864864865,812.4613479587684
64,1961.1616616616618,217.24792147106717
65,1961.2084584584586,651.5781376499363
66,1961.2552552552554,451.22778688142176
67,1961.3020520520522,379.5124696042537
68,1961.348848848849,718.3975450248074
69,1961.3956456456458,156.61125098455355
70,1961.4424424424426,855.5138099270201
71,1961.4892392392394,119.93826659543633
72,1961.5360360360362,772.6413586504563
73,1961.582832832833,300.95347934793773
74,1961.6296296296298,507.78560736733107
75,1961.6764264264266,600.7329655664645
76,1961.7232232232234,211.07274776100257
77,1961.7700200200202,839.9286679394161
78,1961.816816816817,60.40277450587828
79,1961.8636136136138,866.4174849506625
80,1961.9104104104106,153.95164726947363
81,1961.9572072072074,651.9785849036944
82,1962.0040040040042,442.50331424618224
83,1962.050800800801,318.110270570203
84,1962.0975975975978,753.598006629871
85,1962.1443943943946,63.816352431760414
86,1962.1911911911914,896.3182328629471
87,1962.2379879879882,42.17826306417508
88,1962.284784784785,780.079322010267
89,1962.3315815815818,266.3750630894622
90,1962.3783783783786,468.27479485347067
91,1962.4251751751754,602.7129802061883
92,1962.4719719719722,139.94297980370214
93,1962.518768768769,851.685164360154
94,1962.5655655655657,-14.126705257931043
95,1962.6123623623625,862.8565643407615
96,1962.6591591591593,97.54083707939661
97,1962.7059559559561,622.6184618223853
98,1962.752752752753,410.0220531747583
99,1962.7995495495497,265.1031894945421
100,1962.8463463463463,736.8088686097432
101,1962.893143143143,-1.8702844980725222
102,1962.93993993994,878.4884688384882
103,1962.9867367367367,-20.464036664390406
104,1963.0335335335335,744.9763409245351
105,1963.0803303303303,217.956511736019
106,1963.127127127127,412.96274095775783
107,1963.173923923924,565.9974439548361
108,1963.2207207207207,79.01024797070001
109,1963.2675175175175,812.2527489000624
110,1963.3143143143143,-63.71027756453948
111,1963.361111111111,809.5270226356
112,1963.4079079079079,60.19146897393213
113,1963.4547047047047,560.4585950653671
114,1963.5015015015015,368.9583129087152
115,1963.5482982982983,210.71535530864466
116,1963.595095095095,677.225475646584
117,1963.6418918918919,-38.33913151755585
118,1963.6886886886887,802.1910789530857
119,1963.7354854854855,-46.78584606815898
120,1963.7822822822823,668.8639975648504
121,1963.829079079079,182.966351240428
122,1963.8758758758759,354.64370346745966
123,1963.9226726726727,507.4704866770516
124,1963.9694694694695,44.499975459162926
125,1964.0162662662663,728.1241555049797
126,1964.063063063063,-80.85081550685187
127,1964.1098598598599,712.656976132126
128,1964.1566566566567,43.57233879498683
129,1964.2034534534534,475.43129318240017
130,1964.2502502502502,330.1137753161382
131,1964.297047047047,162.59492399932432
132,1964.3438438438438,598.8706047166911
133,1964.3906406406406,-43.15244033638573
134,1964.4374374374374,689.577627370655
135,1964.4842342342342,-32.84032295481607
136,1964.531031031031,555.7563182659686
137,1964.5778278278278,172.3839543854814
138,1964.6246246246246,283.39568520263515
139,1964.6714214214214,440.91171424418974
140,1964.7182182182182,33.40766707372406
141,1964.765015015015,609.9512914953634
142,1964.8118118118118,-53.53950697243161
143,1964.8586086086086,580.4736078245313
144,1964.9054054054054,62.23814559671614
145,1964.9522022022022,375.45379128817723
146,1964.998998998999,297.45576804571255
147,1965.0457957957958,123.5046162293392
148,1965.0925925925926,500.14429513218704
149,1965.1393893893894,-23.948797332192182
150,1965.1861861861862,546.801613627384
151,1965.232982982983,11.133835785921816
152,1965.2797797797798,418.9799193022709
153,1965.3265765765766,188.54160343519663
154,1965.3733733733734,205.6338509892737
155,1965.4201701701702,384.59183996891716
156,1965.466966966967,38.46443238807076
157,1965.5137637637638,477.0392715559908
158,1965.5605605605606,9.089787917297228
159,1965.6073573573574,419.127657856437
160,1965.6541541541542,118.70613996066537
161,1965.700950950951,257.20094611721515
162,1965.7477477477478,285.6096374926996
163,1965.7945445445446,95.75147319196508
164,1965.8413413413414,399.96153013153685
165,1965.8881381381382,31.060655430347925
166,1965.934934934935,391.71155797692865
167,1965.9817317317318,93.50809953902588
168,1966.0285285285286,273.0182577047118
169,1966.0753253253254,229.58027934945565
170,1966.1221221221222,128.97043426438668
171,1966.168918918919,340.10717509271535
172,1966.2157157157158,57.25797328289584
173,1966.2625125125126,350.05772602748715
174,1966.3093093093094,98.99190005047937
175,1966.3561061061062,259.44442017361644
176,1966.402902902903,212.65793129984382
177,1966.4496996996997,138.7752402205882
178,1966.4964964964965,308.65441298323407
179,1966.5432932932933,74.29001720002911
180,1966.5900900900901,318.48391706014957
181,1966.636886886887,107.36405537260899
182,1966.6836836836837,238.60728540438197
183,1966.7304804804805,209.15664595108677
184,1966.7772772772773,127.60414139092418
185,1966.8240740740741,303.3600809725117
186,1966.870870870871,64.82267548910357
187,1966.9176676676677,319.32876318320416
188,1966.9644644644645,97.5873718191843
189,1967.0112612612613,238.7367576271304
190,1967.0580580580581,208.60852747853212
191,1967.104854854855,112.29036817465169
192,1967.1516516516517,321.7339157540046
193,1967.1984484484485,30.80539435791444
194,1967.2452452452453,351.9562610527726
195,1967.292042042042,61.42277199555614
196,1967.338838838839,265.8523016730353
197,1967.3856356356357,194.27984503721802
198,1967.4324324324325,113.37517936948696
199,1967.4792292292293,342.7479203036766
200,1967.526026026026,-1.6995148837520677
201,1967.572822822823,401.8312491294625
202,1967.6196196196197,7.127263397486883
203,1967.6664164164165,323.2683967003196
204,1967.7132132132133,145.48443085579783
205,1967.76001001001,149.54792820195476
206,1967.806806806807,331.9320171127277
207,1967.8536036036037,-11.113876734782536
208,1967.9004004004005,448.27021472595476
209,1967.9471971971973,-52.19875753820951
210,1967.993993993994,413.4598787106866
211,1968.0407907907909,65.30279529962128
212,1968.0875875875877,236.51048842738663
213,1968.1343843843845,282.9445245866994
214,1968.1811811811813,19.72356777044016
215,1968.227977977978,472.3311854964274
216,1968.2747747747749,-97.93805377261036
217,1968.3215715715717,510.14705114467074
218,1968.3683683683685,-28.782178891254247
219,1968.4151651651653,359.2597713715216
220,1968.461961961962,199.79556353452966
221,1968.5087587587589,103.75614779081452
222,1968.5555555555557,454.7077889810904
223,1968.6023523523525,-96.93865794638825
224,1968.6491491491493,578.5282088100437
225,1968.695945945946,-109.77384299751508
226,1968.7427427427428,490.04470991145035
227,1968.7895395395396,84.63131078640725
228,1968.8363363363364,237.3826771013009
229,1968.8831331331332,377.983917804735
230,1968.92992992993,-29.61578247079796
231,1968.9767267267268,598.7884368235707
232,1969.0235235235236,-147.43762741514035
233,1969.0703203203204,613.1501265199951
234,1969.1171171171172,-35.00081728160319
235,1969.163913913914,406.2067249715185
236,1969.2107107107108,255.1002152238053
237,1969.2575075075076,96.62676981477328
238,1969.3043043043044,559.015205051576
239,1969.3511011011012,-128.38966885037817
240,1969.397897897898,694.7123496740187
241,1969.4446946946948,-124.29920858458524
242,1969.4914914914916,574.1462049061505
243,1969.5382882882884,117.72910350177519
244,1969.5850850850852,266.9087896843305
245,1969.631881881882,460.70032626295296
246,1969.6786786786788,-40.12147403755392
247,1969.7254754754756,702.4004073186153
248,1969.7722722722724,-157.57617767996965
249,1969.8190690690692,700.2894220199021
250,1969.865865865866,-10.484454753600513
251,1969.9126626626628,457.11637107552446
252,1969.9594594594596,318.50931175538847
253,1970.0062562562564,117.63172235530011
254,1970.0530530530532,640.7794263959836
255,1970.09984984985,-115.90435745548824
256,1970.1466466466468,770.2906680444785
257,1970.1934434434436,-100.87432402916272
258,1970.2402402402404,632.7523556769042
259,1970.2870370370372,162.3920147398391
260,1970.333833833834,309.67246701990734
261,1970.3806306306308,523.9619591425907
262,1970.4274274274276,-5.802840578741518
263,1970.4742242242244,771.5342254095808
264,1970.5210210210212,-121.69141555014834
265,1970.567817817818,759.3120038792558
266,1970.6146146146148,35.534253992480004
267,1970.6614114114116,500.1448894294321
268,1970.7082082082084,374.2719227577526
269,1970.7550050050052,155.31570621744228
270,1970.801801801802,694.4055922976776
271,1970.8485985985988,-66.32837891346603
272,1970.8953953953956,811.4018683642565
273,1970.9421921921924,-35.41922730450616
274,1970.9889889889891,665.2045031194809
275,1971.035785785786,227.38826836077845
276,1971.0825825825827,349.8297280783184
277,1971.1293793793795,567.7516726382229
278,1971.1761761761763,55.410393358787275
279,1971.2229729729731,791.3964893894679
280,1971.26976976977,-42.95680356561189
281,1971.3165665665667,773.7249451333772
282,1971.3633633633635,112.94046203859358
283,1971.4101601601603,532.0043916776223
284,1971.4569569569571,428.8938253646846
285,1971.503753753754,216.0935871357372
286,1971.5505505505507,716.2741492226253
287,1971.5973473473475,19.08572435370996
288,1971.6441441441443,808.7946666282664
289,1971.6909409409411,57.962925167502235
290,1971.737737737738,663.1584369383086
291,1971.7845345345347,302.0610267942562
292,1971.8313313313315,380.2360432732928
293,1971.8781281281283,599.9384040809991
294,1971.924924924925,135.61665011194813
295,1971.971721721722,776.8814806816499
296,1972.0185185185187,71.18153584317828
297,1972.0653153153155,739.6713315924867
298,1972.1121121121123,215.484822777364
299,1972.1589089089089,525.3942966092476
300,1972.205705705706,476.5554002101808
301,1972.2525025025025,270.8285127145375
302,1972.2992992992993,699.4426171106779
303,1972.346096096096,129.7527926437492
304,1972.3928928928929,756.9924942365878
305,1972.4396896896897,180.46960277950348
306,1972.4864864864865,624.6319406515091
307,1972.5332832832833,383.6623792396043
308,1972.58008008008,394.50387861618856
309,1972.6268768768768,608.8020462577346
310,1972.6736736736736,214.99862906322537
311,1972.7204704704704,720.0659312743126
312,1972.7672672672672,193.14156628956331
313,1972.814064064064,660.9407664275911
314,1972.8608608608608,329.6566614173409
315,1972.9076576576576,484.8806219131957
316,1972.9544544544544,526.386089585248
317,1973.0012512512512,310.76470985440324
318,1973.048048048048,659.3874603689627
319,1973.0948448448448,243.27028989253907
320,1973.1416416416416,656.7150448554346
321,1973.1884384384384,313.07599115441155
322,1973.2352352352352,535.3764858867908
323,1973.282032032032,466.1634760277815
324,1973.3288288288288,382.4134029585684
325,1973.3756256256256,600.8722485460887
326,1973.4224224224224,296.1958657679955
327,1973.4692192192192,632.6869108689051
328,1973.516016016016,326.13045906709186
329,1973.5628128128128,548.5544410632791
330,1973.6096096096096,443.76118277616206
331,1973.6564064064064,414.4109955658132
332,1973.7032032032032,562.3077623439696
333,1973.75,327.34440696754905
334,1973.7967967967968,598.3184132242368
335,1973.8435935935936,345.61002883742503
336,1973.8903903903904,531.1983278122729
337,1973.9371871871872,447.14945684220686
338,1973.983983983984,415.4208719052195
339,1974.0307807807808,551.1225049654732
340,1974.0775775775776,337.20233389494405
341,1974.1243743743744,579.3361569878293
342,1974.1711711711712,351.5922054616556
343,1974.217967967968,512.308622681544
344,1974.2647647647648,446.4129325165923
345,1974.3115615615616,397.5337752641769
346,1974.3583583583584,551.6574402625142
347,1974.4051551551552,315.20284979969705
348,1974.451951951952,587.5943089185289
349,1974.4987487487488,324.93494300526464
350,1974.5455455455456,518.1622586690687
351,1974.5923423423424,426.29358994034715
352,1974.6391391391392,380.88526385963326
353,1974.685935935936,553.3172268137174
354,1974.7327327327328,266.6201800942209
355,1974.7795295295296,611.9147982808496
356,1974.8263263263264,259.79921488673546
357,1974.8731231231232,546.5701522572635
358,1974.91991991992,375.14868193537393
359,1974.9667167167167,385.5412942989042
360,1975.0135135135135,539.5779160721074
361,1975.0603103103103,228.93336123281418
362,1975.1071071071071,638.3907660778992
363,1975.153903903904,183.6664907148143
364,1975.2007007007007,594.7966243965108
365,1975.2474974974975,287.4073595524191
366,1975.2942942942943,423.79261662896147
367,1975.3410910910911,480.06659021608044
368,1975.387887887888,223.6399760489052
369,1975.4346846846847,639.2563899682059
370,1975.4814814814815,116.02889616117609
371,1975.5282782782783,655.3765386377721
372,1975.5750750750751,174.08162648529114
373,1975.621871871872,502.4174038929876
374,1975.6686686686687,372.4600127807903
375,1975.7154654654655,259.353206297602
376,1975.7622622622623,594.8903221729752
377,1975.809059059059,70.07932618889544
378,1975.855855855856,696.9389860217743
379,1975.9026526526527,56.35177612977069
380,1975.9494494494495,598.0492342288444
381,1975.9962462462463,236.56685274914358
382,1976.043043043043,342.2017490937587
383,1976.08983983984,504.57182533525406
384,1976.1366366366367,78.15795892826921
385,1976.1834334334335,692.6085291962984
386,1976.2302302302303,-31.48915336796825
387,1976.277027027027,676.8393243959675
388,1976.323823823824,84.62849606797663
389,1976.3706206206207,455.204954906619
390,1976.4174174174175,358.6749177423609
391,1976.4642142142143,149.67378021606547
392,1976.511011011011,625.9138120508132
393,1976.5578078078079,-63.589891552071016
394,1976.6046046046047,720.8349210787173
395,1976.6514014014015,-56.07537532843834
396,1976.6981981981983,575.7706436214643
397,1976.744994994995,173.9682840861145
398,1976.7917917917919,263.84246039039215
399,1976.8385885885887,493.3754940065642
400,1976.8853853853855,-37.554514661294746
401,1976.9321821821823,706.1569583183667
402,1976.978978978979,-149.32331493220144
403,1977.0257757757759,673.4268642577681
404,1977.0725725725727,-1.6991719423405314
405,1977.1193693693695,403.4646746889073
406,1977.1661661661662,317.60991161193743
407,1977.212962962963,52.11502285970616
408,1977.2597597597598,615.5003973384587
409,1977.3065565565566,-173.1639337349053
410,1977.3533533533534,709.0802825848301
411,1977.4001501501502,-141.80577941056185
412,1977.446946946947,537.5146096224116
413,1977.4937437437438,122.87076854025274
414,1977.5405405405406,196.19686389009942
415,1977.5873373373374,462.082107036862
416,1977.6341341341342,-119.01266349183783
417,1977.680930930931,674.8088978634423
418,1977.7277277277278,-225.83847381212982
419,1977.7745245245246,631.6898019662541
420,1977.8213213213214,-62.16212842739979
421,1977.8681181181182,352.1402695678371
422,1977.914914914915,273.7937532068114
423,1977.9617117117118,-4.229827154876391
424,1978.0085085085086,578.7415432319593
425,1978.0553053053054,-228.41216886647584
426,1978.1021021021022,666.5938359910563
427,1978.148898898899,-189.6908312097389
428,1978.1956956956958,484.0696323908122
429,1978.2424924924926,83.97571799920708
430,1978.2892892892894,142.35200910462146
431,1978.3360860860862,423.48877091669203
432,1978.382882882883,-156.35359366908398
433,1978.4296796796798,624.4716181633564
434,1978.4764764764766,-242.2315130313544
435,1978.5232732732734,569.9687976698883
436,1978.5700700700702,-74.7923959324872
437,1978.616866866867,296.29227971505276
438,1978.6636636636638,240.51278766546116
439,1978.7104604604606,-34.21233081434827
440,1978.7572572572574,515.8147989888672
441,1978.8040540540542,-229.93093562129408
442,1978.850850850851,589.729752514022
443,1978.8976476476478,-181.69125943009738
444,1978.9444444444446,419.98040768552397
445,1978.9912412412414,74.07389511433668
446,1979.0380380380382,109.78780817706814
447,1979.084834834835,377.71305251667036
448,1979.1316316316318,-153.7604189237797
449,1979.1784284284286,545.4065318400786
450,1979.2252252252254,-216.55677264037388
451,1979.2720220220222,483.0145705507749
452,1979.318818818819,-51.55015433085164
453,1979.3656156156158,238.84716774182152
454,1979.4124124124126,229.20366026028998
455,1979.4592092092093,-35.11039522980115
456,1979.5060060060061,452.2273827656073
457,1979.552802802803,-179.55390095822207
458,1979.5995995995997,491.24853206860615
459,1979.6463963963965,-119.63284295206715
460,1979.6931931931933,335.4009773419881
461,1979.7399899899901,97.74135796649128
462,1979.786786786787,87.63536939835345
463,1979.8335835835837,337.1056692482882
464,1979.8803803803805,-102.32866165866069
465,1979.9271771771773,456.1542092136812
466,1979.9739739739741,-125.53836912250439
467,1980.020770770771,390.5208776984469
468,1980.0675675675677,22.06197517936116
469,1980.1143643643645,191.79923094125166
470,1980.1611611611613,240.3134982227451
471,1980.2079579579581,-7.755647899992641
472,1980.254754754755,392.7734996964671
473,1980.3015515515517,-83.29568564499948
474,1980.3483483483485,393.8882923703219
475,1980.3951451451453,0.895918912806632
476,1980.441941941942,259.09419985840697
477,1980.488738738739,177.18770154942416
478,1980.5355355355357,86.41590922665557
479,1980.5823323323325,328.9435071331526
480,1980.6291291291293,-12.974451769651012
481,1980.675925925926,369.4721243330487
482,1980.722722722723,16.390291125287508
483,1980.7695195195197,288.703885999174
484,1980.8163163163165,145.94158014053593
485,1980.8631131131133,151.64029559691596
486,1980.90990990991,287.1518231114024
487,1980.9567067067069,52.43711765731588
488,1981.0035035035037,349.5949831747991
489,1981.0503003003005,55.94299622183449
490,1981.0970970970973,299.9894625231767
491,1981.143893893894,155.9821584796034
492,1981.1906906906909,183.16928396739118
493,1981.2374874874877,280.4402404950489
494,1981.2842842842845,91.47493307867266
495,1981.3310810810813,342.2901707131982
496,1981.377877877878,94.49908880864086
497,1981.4246746746749,301.8450935251444
498,1981.4714714714714,189.4828536780983
499,1981.5182682682685,196.67967722884435
500,1981.565065065065,305.6096416591914
501,1981.611861861862,111.48002818689287
502,1981.6586586586586,360.3081685828273
503,1981.7054554554554,115.39195718893866
504,1981.7522522522522,317.56210417417867
505,1981.799049049049,212.33773433509663
506,1981.8458458458458,210.71433177502615
507,1981.8926426426426,340.04019541013884
508,1981.9394394394394,118.71841480087227
509,1981.9862362362362,412.1348138074289
510,1982.033033033033,114.2591145379349
511,1982.0798298298298,375.89463149323797
512,1982.1266266266266,216.03046807308672
513,1982.1734234234234,250.7850260817205
514,1982.2202202202202,370.6726979004295
515,1982.267017017017,122.54709992045453
516,1982.3138138138138,479.9061187515316
517,1982.3606106106106,90.11373557122378
518,1982.4074074074074,464.6662613772489
519,1982.4542042042042,193.98416834439078
520,1982.501001001001,325.6570208415654
521,1982.5477977977978,382.07470918480163
522,1982.5945945945946,152.96756778190462
523,1982.6413913913914,539.1572698163469
524,1982.6881881881882,69.18936119389251
525,1982.734984984985,563.0772933789593
526,1982.7817817817818,145.0666027294592
527,1982.8285785785786,433.9108853496642
528,1982.8753753753754,348.308854374412
529,1982.9221721721722,229.26981285881385
530,1982.968968968969,563.5425878551376
531,1983.0157657657658,79.76763389628448
532,1983.0625625625626,660.4874169393669
533,1983.1093593593594,89.53454856564336
534,1983.1561561561562,574.6115619104179
535,1983.202952952953,273.03847046274706
536,1983.2497497497498,351.5803354683195
537,1983.2965465465466,535.9047371248694
538,1983.3433433433433,127.24681894098899
539,1983.3901401401401,724.0394701446536
540,1983.436936936937,48.99163526597111
541,1983.4837337337337,716.3184093402185
542,1983.5305305305305,182.24078865218414
543,1983.5773273273273,509.24214997445773
544,1983.6241241241241,462.0448159249511
545,1983.670920920921,228.40220499856633
546,1983.7177177177177,726.9259715759565
547,1983.7645145145145,52.04889456981365
548,1983.8113113113113,817.8139440439086
549,1983.8581081081081,98.28761327720579
550,1983.904904904905,678.2212233103157
551,1983.9517017017017,350.5713317862653
552,1983.9984984984985,389.69519929627063
553,1984.0452952952953,668.0538966886198
554,1984.0920920920921,125.6788313020525
555,1984.138888888889,868.2231823152486
556,1984.1856856856857,50.54972087757919
557,1984.2324824824825,832.7409831046592
558,1984.2792792792793,223.28806772163568
559,1984.326076076076,579.770670556177
560,1984.372872872873,554.8522740766093
561,1984.4196696696697,257.9408327182793
562,1984.4664664664665,853.991148498764
563,1984.5132632632633,63.88240125684287
564,1984.56006006006,942.0099105258607
565,1984.606856856857,124.7972106243724
566,1984.6536536536537,765.4424195812953
567,1984.7004504504505,414.42149653280603
568,1984.7472472472473,432.4687676321315
569,1984.794044044044,765.9875708928079
570,1984.8408408408409,146.44052033849616
571,1984.8876376376377,973.4445019952133
572,1984.9344344344345,81.91675959547366
573,1984.9812312312313,917.6810962529083
574,1985.028028028028,279.84689541665557
575,1985.0748248248249,635.0266433671081
576,1985.1216216216217,627.4664621394352
577,1985.1684184184185,295.1973062642134
578,1985.2152152152153,926.3265087898825
579,1985.262012012012,101.31858458100893
580,1985.3088088088089,1005.6704020349599
581,1985.3556056056057,171.99171609879852
582,1985.4024024024025,819.4487986239072
583,1985.4491991991993,469.42229081424983
584,1985.495995995996,478.26954921205254
585,1985.5427927927929,819.1298270740566
586,1985.5895895895897,187.94541829800698
587,1985.6363863863864,1015.17597812992
588,1985.6831831831832,124.69238159326619
589,1985.72997997998,944.8194761615488
590,1985.7767767767768,325.622861981758
591,1985.8235735735736,657.5566134605193
592,1985.8703703703704,667.524187112313
593,1985.9171671671672,329.56192820707804
594,1985.963963963964,946.3319145083808
595,1986.0107607607608,154.61128552306934
596,1986.0575575575576,1002.9476130590045
597,1986.1043543543544,230.20856336717878
598,1986.1511511511512,812.8860463974878
599,1986.197947947948,506.27948235323083
600,1986.2447447447448,495.5128712932704
601,1986.2915415415416,819.6142202637377
602,1986.3383383383384,239.4249536736361
603,1986.3851351351352,987.6672035541308
604,1986.431931931932,192.78691818796074
605,1986.4787287287288,914.5649997573655
606,1986.5255255255256,376.983205815584
607,1986.5723223223224,650.1460319003052
608,1986.6191191191192,676.2132770600213
609,1986.665915915916,358.8291155483948
610,1986.7127127127128,908.641485611599
611,1986.7595095095096,215.96387052400968
612,1986.8063063063064,939.5364721220902
613,1986.8531031031032,298.6429486687474
614,1986.8998998999,761.6598227686751
615,1986.9466966966968,542.9877953250842
616,1986.9934934934936,492.0788895207238
617,1987.0402902902904,793.6068272567411
618,1987.0870870870872,293.34401964212435
619,1987.133883883884,903.5322273782631
620,1987.1806806806808,274.9278800889975
621,1987.2274774774776,818.7654303175369
622,1987.2742742742744,434.88763519192946
623,1987.3210710710712,600.9586452906628
624,1987.367867867868,667.32594192526
625,1987.4146646646648,383.64027278951426
626,1987.4614614614616,827.6207905730654
627,1987.5082582582584,293.0369895163002
628,1987.5550550550552,821.6293884426638
629,1987.601851851852,372.9031964985676
630,1987.6486486486488,661.5628843185916
631,1987.6954454454456,560.5607733500278
632,1987.7422422422424,455.3494375551308
633,1987.7890390390392,729.2315933885835
634,1987.835835835836,331.16811041864275
635,1987.8826326326327,772.2484343057515
636,1987.9294294294295,354.3476360699557
637,1987.9762262262263,672.3191103438361
638,1988.0230230230231,489.7133450301315
639,1988.06981981982,502.7697544612154
640,1988.1166166166167,636.2412868359414
641,1988.1634134134135,372.6808456246055
642,1988.2102102102103,698.3921708948692
643,1988.2570070070071,354.656825283181
644,1988.303803803804,642.67159626836
645,1988.3506006006007,443.58691308804964
646,1988.3973973973975,511.37541793122443
647,1988.4441941941943,566.6665689738935
648,1988.4909909909911,389.8057576156847
649,1988.537787787788,633.7438252571153
650,1988.5845845845847,353.3765514682027
651,1988.6313813813815,596.3338176079947
652,1988.6781781781783,417.4400016133557
653,1988.724974974975,480.1661778814563
654,1988.771771771772,525.3989692376252
655,1988.8185685685687,367.00760183321046
656,1988.8653653653655,588.4868822722985
657,1988.9121621621623,334.96441889293953
658,1988.958958958959,551.9668589101918
659,1989.005755755756,400.2838677734338
660,1989.0525525525527,436.26455660091955
661,1989.0993493493495,505.5413458237384
662,1989.1461461461463,321.8483257897557
663,1989.192942942943,564.5896058762678
664,1989.23973973974,288.4750196753594
665,1989.2865365365367,524.2843399843977
666,1989.3333333333335,357.5150657690829
667,1989.3801301301303,401.2378896356231
668,1989.426926926927,476.85006164496815
669,1989.4737237237239,269.46833886600336
670,1989.5205205205207,556.8348999441347
671,1989.5673173173175,213.97863783227632
672,1989.6141141141143,528.9480937659107
673,1989.660910910911,276.1326366499641
674,1989.7077077077079,392.1176441799458
675,1989.7545045045047,419.761510785626
676,1989.8013013013015,221.06318780518285
677,1989.8480980980983,545.6143970088414
678,1989.894894894895,123.07800195490401
679,1989.9416916916919,554.2496461632129
680,1989.9884884884887,168.0999835532287
681,1990.0352852852855,416.85458147907684
682,1990.0820820820823,332.13715783769624
683,1990.128878878879,204.68287256755414
684,1990.1756756756758,507.7516049808119
685,1990.2224724724726,47.049024740016044
686,1990.2692692692694,571.0193942164701
687,1990.3160660660662,45.37609035924748
688,1990.362862862863,464.42056134273287
689,1990.4096596596598,203.34235005431145
690,1990.4564564564566,236.22440114062238
691,1990.5032532532534,422.4928564039295
692,1990.5500500500502,14.204814592559638
693,1990.596846846847,562.4187607259626
694,1990.6436436436438,-69.175664161052
695,1990.6904404404406,523.1915747933514
696,1990.7372372372374,42.32390088705703
697,1990.784034034034,308.47640485392924
698,1990.830830830831,286.8316719841085
699,1990.8776276276276,31.507479148746246
700,1990.9244244244246,513.4415365946451
701,1990.9712212212212,-145.3895192979451
702,1991.0180180180182,570.7707057688472
703,1991.0648148148148,-110.70229737511531
704,1991.1116116116116,404.71301796259263
705,1991.1584084084084,119.86062933605443
706,1991.2052052052052,101.7865328065066
707,1991.252002002002,406.43074538738034
708,1991.2987987987988,-161.1287959220248
709,1991.3455955955956,567.9397006477624
710,1991.3923923923924,-228.09080168806875
711,1991.4391891891892,495.19355656973
712,1991.485985985986,-59.28068276301935
713,1991.5327827827828,219.34706752405535
714,1991.5795795795796,244.03481939175953
715,1991.6263763763764,-105.06724285960405
716,1991.6731731731732,500.60921624831144
717,1991.71996996997,-290.7952588714377
718,1991.7667667667668,550.8777130477428
719,1991.8135635635635,-227.3732836687997
720,1991.8603603603603,352.0997884748221
721,1991.9071571571571,50.700768505599854
722,1991.953953953954,9.697141663666164
723,1992.0007507507507,377.5170348432839
724,1992.0475475475475,-278.84504114758977
725,1992.0943443443443,551.9396679901616
726,1992.1411411411411,-341.3670440238164
727,1992.187937937938,460.81014434836993
728,1992.2347347347347,-139.5557656695712
729,1992.2815315315315,152.12943964638748
730,1992.3283283283283,203.2558749437787
731,1992.3751251251251,-193.87482083728312
732,1992.421921921922,478.19389708581843
733,1992.4687187187187,-376.64766249532244
734,1992.5155155155155,518.3154334916204
735,1992.5623123123123,-293.2086040340121
736,1992.609109109109,298.5810968498776
737,1992.655905905906,4.105374787798396
738,1992.7027027027027,-54.12186151233598
739,1992.7494994994995,338.27232864175323
740,1992.7962962962963,-336.4368004948425
741,1992.843093093093,511.3694786857536
742,1992.88988988989,-385.51407869626377
743,1992.9366866866867,417.9694700494321
744,1992.9834834834835,-174.31019395963745
745,1993.0302802802803,110.44140403975764
746,1993.077077077077,169.87486988254267
747,1993.123873873874,-229.01012522016288
748,1993.1706706706707,439.9050392108802
749,1993.2174674674675,-398.25285418066244
750,1993.2642642642643,475.04140317676166
751,1993.311061061061,-300.0855616327068
752,1993.3578578578579,258.9480272167009
753,1993.4046546546547,-1.0407738601224772
754,1993.4514514514515,-75.01909617006282
755,1993.4982482482483,315.5268393031563
756,1993.545045045045,-328.12804392479353
757,1993.5918418418419,464.75933619963655
758,1993.6386386386387,-355.64250916605704
759,1993.6854354354355,367.8204594836057
760,1993.7322322322323,-148.7897556772725
761,1993.779029029029,89.79244434600635
762,1993.8258258258259,165.8368763075687
763,1993.8726226226227,-202.2312935079239
764,1993.9194194194195,402.9022146367934
765,1993.9662162162163,-336.33637528577066
766,1994.013013013013,426.968601608467
767,1994.0598098098098,-236.77770872947647
768,1994.1066066066066,232.12834812951266
769,1994.1534034034034,31.79908739664166
770,1994.2002002002002,-54.82955571325596
771,1994.246996996997,305.3581291748248
772,1994.2937937937938,-255.5140688161084
773,1994.3405905905906,423.0189657903728
774,1994.3873873873874,-253.2222056258423
775,1994.4341841841842,326.75266612910315
776,1994.480980980981,-60.736552865301384
777,1994.5277777777778,90.6771567681361
778,1994.5745745745746,198.2129465872066
779,1994.6213713713714,-132.78212820821525
780,1994.6681681681682,371.6523226347754
781,1994.714964964965,-210.36370095965896
782,1994.7617617617618,369.6915536796703
783,1994.8085585585586,-104.4636010181214
784,1994.8553553553554,209.9502332698886
785,1994.9021521521522,113.73089465408624
786,1994.948948948949,0.7581035001742306
787,1994.9957457457458,312.08575812945173
788,1995.0425425425426,-125.25703051998312
789,1995.0893393393394,377.36482864316423
790,1995.1361361361362,-91.93221803144222
791,1995.182932932933,285.0702352803631
792,1995.2297297297298,74.25381500998778
793,1995.2765265265266,110.79454839219024
794,1995.3233233233234,264.4968294985774
795,1995.3701201201202,-23.37206752402637
796,1995.416916916917,362.32380527135666
797,1995.4637137137138,-31.57876420296845
798,1995.5105105105106,321.9249111920369
799,1995.5573073073074,83.45167707612296
800,1995.6041041041042,191.60935375464706
801,1995.650900900901,241.9750273061417
802,1995.6976976976978,72.13361868232593
803,1995.7444944944946,345.8372804281488
804,1995.7912912912914,45.414331995194075
805,1995.8380880880882,341.87946588695627
806,1995.884884884885,125.93162376918045
807,1995.9316816816818,250.47886077869367
808,1995.9784784784786,259.06993320673644
809,1996.0252752752754,147.4802386733107
810,1996.0720720720722,359.5506903894939
811,1996.118868868869,113.76259225798692
812,1996.1656656656658,367.2892547826483
813,1996.2124624624626,180.92790415134735
814,1996.2592592592594,288.46820386173073
815,1996.3060560560561,307.85139003580105
816,1996.352852852853,192.49812989076344
817,1996.3996496496497,407.6591697556924
818,1996.4464464464465,162.53533333046926
819,1996.4932432432433,412.32863877703033
820,1996.5400400400401,234.04926287863609
821,1996.586836836837,325.4056345317523
822,1996.6336336336337,366.7647108878176
823,1996.6804304304305,221.59235952066675
824,1996.7272272272273,473.47964126845426
825,1996.7740240240241,188.40432868023484
826,1996.820820820821,482.90185780252125
827,1996.8676176176177,264.3551152496048
828,1996.9144144144145,390.90576863238135
829,1996.9612112112113,413.39382992303763
830,1997.0080080080081,264.62721101496794
831,1997.054804804805,547.213506204306
832,1997.1016016016017,199.58110072190377
833,1997.1483983983985,581.8267995189595
834,1997.1951951951953,258.11742905243
835,1997.241991991992,490.9914275760307
836,1997.288788788789,425.6011618797522
837,1997.3355855855857,331.03268070298276
838,1997.3823823823825,609.3533760202796
839,1997.4291791791793,212.69984471261083
840,1997.475975975976,693.5234938515015
841,1997.522772772773,232.26286937783712
842,1997.5695695695697,618.8511509197713
843,1997.6163663663665,401.7315358933772
844,1997.6631631631633,430.2277328253734
845,1997.70995995996,631.3832274142245
846,1997.7567567567569,252.95537670811194
847,1997.8035535535537,782.7019228130087
848,1997.8503503503505,212.02773127134924
849,1997.8971471471473,760.5008833906635
850,1997.943943943944,351.1625680233602
851,1997.9907407407409,576.7085668818667
852,1998.0375375375377,602.8254102389845
853,1998.0843343343345,345.18266737366685
854,1998.1311311311313,826.4399945040177
855,1998.177927927928,215.42217755959973
856,1998.2247247247249,889.9999416625915
857,1998.2715215215217,283.0956020498035
858,1998.3183183183185,751.0487978245332
859,1998.3651151151153,527.7051043123888
860,1998.411911911912,488.21959857450634
861,1998.4587087087089,816.8082770924874
862,1998.5055055055057,263.9216265210695
863,1998.5523023023025,980.084637891211
864,1998.5990990990992,230.02515859555584
865,1998.645895895896,916.6179896048143
866,1998.6926926926928,425.960497035075
867,1998.7394894894896,662.0619619100853
868,1998.7862862862864,746.7757301707059
869,1998.8330830830832,372.67377376981483
870,1998.87987987988,1005.0607282545091
871,1998.9266766766768,230.11896846215174
872,1998.9734734734736,1048.5651640590972
873,1999.0202702702704,330.8258118055172
874,1999.0670670670672,852.7709127372606
875,1999.113863863864,626.2792492418854
876,1999.1606606606608,535.7758490108615
877,1999.2074574574576,951.85684660187
878,1999.2542542542544,288.21376533160833
879,1999.3010510510512,1119.554976382327
880,1999.347847847848,264.21003013455635
881,1999.3946446446448,1029.044189456999
882,1999.4414414414416,488.8000164982525
883,1999.4882382382384,730.3822379704101
884,1999.5350350350352,839.1039767258069
885,1999.581831831832,403.12798872137483
886,1999.6286286286288,1112.2607575175584
887,1999.6754254254256,249.59519779096848
888,1999.7222222222224,1145.7059488123766
889,1999.7690190190192,368.7547819543311
890,1999.815815815816,919.7111756538559
891,1999.8626126126128,692.4213154100046
892,1999.9094094094096,571.8077842902698
893,1999.9562062062064,1030.2609199530464
894,2000.0030030030032,312.10160813907083
895,2000.0497997998,1185.8729466338173
896,2000.0965965965966,295.8074092928659
897,2000.1433933933936,1072.9132447117588
898,2000.1901901901902,533.2515411516347
899,2000.2369869869872,761.8225316015655
900,2000.2837837837837,886.0242294404422
901,2000.3305805805808,435.84770454395976
902,2000.3773773773773,1148.891491456797
903,2000.4241741741741,286.42990930467994
904,2000.470970970971,1167.8572602695951
905,2000.5177677677677,402.2540871163506
906,2000.5645645645645,933.6080255935717
907,2000.6113613613613,715.7899858123969
908,2000.6581581581581,588.4763714639826
909,2000.704954954955,1039.507580475397
910,2000.7517517517517,339.6769358175675
911,2000.7985485485485,1180.0537807614503
912,2000.8453453453453,332.23483219995916
913,2000.8921421421421,1057.032301589558
914,2000.938938938939,561.9902696500036
915,2000.9857357357357,751.2928800824171
916,2001.0325325325325,884.9392060566246
917,2001.0793293293293,448.3275695922153
918,2001.126126126126,1109.1557077139537
919,2001.172922922923,323.2967815767719
920,2001.2197197197197,1107.8102078653296
921,2001.2665165165165,438.79918435494636
922,2001.3133133133133,887.9484613081133
923,2001.36011011011,716.3211714093082
924,2001.406906906907,581.2497827393828
925,2001.4537037037037,985.5643704188232
926,2001.5005005005005,365.9251860026439
927,2001.5472972972973,1085.9837445056994
928,2001.594094094094,363.40957146518997
929,2001.640890890891,962.1176524154167
930,2001.6876876876877,564.2940434313148
931,2001.7344844844845,692.9987631629463
932,2001.7812812812813,834.547658330557
933,2001.828078078078,441.1530360980708
934,2001.8748748748749,1002.8825068078677
935,2001.9216716716717,350.22380867006603
936,2001.9684684684685,970.288783378115
937,2002.0152652652653,457.7233681351924
938,2002.062062062062,766.5425319776735
939,2002.1088588588589,679.8764432846029
940,2002.1556556556557,520.2372389011082
941,2002.2024524524525,871.8909510036211
942,2002.2492492492493,372.2941982612986
943,2002.296046046046,917.7844049398686
944,2002.3428428428429,393.97857872681885
945,2002.3896396396397,794.2360976112604
946,2002.4364364364365,551.4696040474878
947,2002.4832332332332,579.2663063371087
948,2002.53003003003,734.2485356996045
949,2002.5768268268268,401.4985939294803
950,2002.6236236236236,823.5734170929619
951,2002.6704204204204,360.0529835949987
952,2002.7172172172172,764.1136038844779
953,2002.764014014014,461.7868640140633
954,2002.8108108108108,595.919643832678
955,2002.8576076076076,620.6595150220279
956,2002.9044044044044,426.1117364211096
957,2002.9512012012012,720.39673009281
958,2002.997997997998,355.0949961978561
959,2003.0447947947948,695.4174459521184
960,2003.0915915915916,409.34678888092765
961,2003.1383883883884,568.3113681961261
962,2003.1851851851852,530.8218986043973
963,2003.231981981982,425.01303515543214
964,2003.2787787787788,623.9432101055625
965,2003.3255755755756,351.16603494481217
966,2003.3723723723724,620.3576647399263
967,2003.4191691691692,378.8293372947921
968,2003.465965965966,521.6455666752521
969,2003.5127627627628,472.09539053600434
970,2003.5595595595596,392.9437304237023
971,2003.6063563563564,554.5407470156584
972,2003.6531531531532,318.713152029011
973,2003.69994994995,558.4574314555518
974,2003.7467467467468,343.97368686583815
975,2003.7935435435436,470.0384929582639
976,2003.8403403403404,441.5620087380968
977,2003.8871371371372,344.50953905911103
978,2003.933933933934,529.2654293928941
979,2003.9807307307308,269.1706115070805
980,2004.0275275275276,530.6120872948013
981,2004.0743243243244,299.09417712325063
982,2004.1211211211212,432.22060455523507
983,2004.167917917918,411.9812780832424
984,2004.2147147147148,295.29122827292576
985,2004.2615115115116,521.4837567222179
986,2004.3083083083084,212.64294934776018
987,2004.3551051051052,539.880781552023
988,2004.401901901902,242.2742829797071
989,2004.4486986986988,441.33018424321904
990,2004.4954954954956,368.4671952068223
991,2004.5422922922924,281.30965520405994
992,2004.5890890890892,511.28948555828316
993,2004.635885885886,161.96066221030534
994,2004.6826826826828,573.5217776800619
995,2004.7294794794796,167.2490879612566
996,2004.7762762762763,501.26930550565197
997,2004.8230730730731,305.7862301942618
998,2004.86986986987,324.99354724417253
999,2004.9166666666667,499.5660689517187
