X,Real Y,Predicted Y (1),Predicted Y (2),Predicted Y (3),Predicted Y (4),Predicted Y (5),Predicted Y (6),Predicted Y (7),Predicted Y (8)
1958.166667,316.1,322.1514827,315.7984768,316.6718403,314.8524681,308.7060089,313.6342095,315.2690056,319.6606722
1958.25,317.2,319.1102088,316.2983019,317.5363436,314.5810594,311.5238895,314.9312573,317.645315,320.1401947
1958.333333,317.4333333,313.4539322,317.0953977,317.5985428,314.4560497,313.7169924,315.8323929,318.0595193,319.6064848
1958.5,315.625,312.7472772,317.1096699,314.4547764,315.3261123,312.626212,317.0598934,315.63161,317.1752287
1958.583333,314.95,317.1048223,315.2390873,312.2305489,314.7319189,312.77976,316.6669398,314.655354,314.7209394
1958.666667,313.5,312.6585426,313.6333798,310.5797407,313.1091837,311.496469,314.6527451,313.2184433,312.9879096
1958.833333,313.425,307.4183958,313.782176,311.8316399,313.6428407,313.8578947,314.7330586,313.3023427,312.1102835
1958.916667,314.7,313.3796385,315.377604,314.3475338,315.838785,313.6243066,315.258332,314.3905114,312.7416874
1959,315.5,313.5455939,317.0347035,315.6386988,317.2230761,313.0865589,316.4614732,315.5856562,314.1963352
1959.083333,316.7,312.2856632,317.2435613,316.2057308,317.4392064,312.6583444,315.6612933,317.0315782,315.6604329
1959.166667,316.7333333,316.7761495,316.9412371,316.7290564,317.2784191,316.6433786,316.1346847,319.0672146,316.2955893
1959.25,317.675,310.3859871,316.7873993,317.9118376,317.0306292,318.3817026,317.022202,320.5212822,317.9987046
1959.333333,318.325,313.5293848,317.6943224,318.354013,317.0700866,319.4998066,317.6508422,320.3788083,318.3696486
1959.416667,318.025,313.1009907,317.7185968,317.3211029,317.3975127,318.4499295,318.8620257,319.0928735,318.601522
1959.5,316.525,317.2182337,317.0591646,315.591202,317.7053236,316.5913906,318.0928431,317.5241048,317.6279721
1959.583333,314.9,309.8180583,315.0937638,313.4687152,316.7431272,315.9613055,317.1351391,316.2388895,315.5366655
1959.666667,313.825,313.3078354,313.1405709,311.6425226,314.8638283,313.911538,314.936375,314.6621164,314.5518787
1959.75,313.4,317.2865857,312.4882307,311.258504,313.862751,315.2279259,313.6325276,313.5784999,313.2514795
1959.833333,314.875,320.1193624,313.5562034,312.7293928,314.9448195,315.376457,314.7039315,314.1205365,314.1035733
1959.916667,315.525,309.3483769,315.1696617,314.6983184,317.269948,314.851989,315.1343572,315.0160024,315.1658586
1960,316.38,317.6160422,316.328873,315.9492647,318.3666773,314.2062672,315.9024866,315.8202313,316.7268023
1960.083333,316.975,320.5106977,317.00344,316.2088638,318.5314002,313.6673105,315.1459503,316.71391,318.2087416
1960.166667,317.575,315.3673612,316.8766823,316.8553115,318.3063286,317.3628031,315.6346168,318.3917231,318.853092
1960.25,319.12,315.8367578,317.2982193,317.924191,317.9565694,319.0441141,316.5370515,319.6986991,320.3127096
1960.333333,319.925,317.5833294,317.6841661,318.5972332,317.9908949,319.936721,317.3213074,319.2490259,320.8035007
1960.416667,319.45,311.4307558,318.2486013,317.769315,318.1439085,319.0795962,318.5059337,317.6565266,321.0845682
1960.5,318.06,321.9320842,317.3695473,316.1124541,318.141938,317.2344268,317.8966005,316.3292999,320.0028288
1960.583333,315.775,320.2699631,315.6735566,314.1977041,317.286191,316.7670614,317.1551012,315.0867972,317.8904325
1960.666667,314.175,312.8872419,314.0445837,312.8196,315.2129198,314.8217415,315.0339774,313.6423545,316.7504608
1960.75,313.84,329.0694883,313.1525899,312.7803588,314.2337421,316.1042182,314.214127,312.8850393,315.051566
1960.833333,315.025,319.0175138,314.3859189,314.2806501,315.0674739,316.5623705,315.4278796,313.5888943,315.4521671
1960.916667,316.2,311.1819496,316.3859767,316.4842661,317.239772,316.1332397,316.3285719,314.9061243,315.9507253
1961,316.925,316.3422481,317.6463932,317.9980224,318.688631,315.6260189,317.6145923,315.8231777,316.9957616
1961.083333,317.65,317.2950518,318.7375627,318.346009,318.9286634,315.2366812,317.3435986,316.9162333,318.1535987
1961.166667,318.525,316.3928297,318.6590642,318.9783872,318.7974236,318.7852821,318.0625032,318.9166729,318.2548394
1961.25,319.42,307.1860502,318.9843265,320.1272644,318.9733975,320.1816712,319.2215572,320.1179808,319.8152253
1961.333333,320.475,318.3250787,319.6857725,320.6044345,319.2267384,321.0907703,319.7901961,320.0593115,320.091127
1961.416667,319.75,312.5897449,320.028169,319.5567585,319.8185294,320.1529781,321.1210508,318.6773399,320.5637776
1961.5,318.32,311.857992,319.3209539,317.9292626,320.1772245,318.0468838,320.1966905,317.4675068,319.9565511
1961.583333,316.775,320.3986616,317.0562264,315.6394603,319.2199798,317.5893993,319.0487253,316.3265806,318.1344818
1961.666667,315.04,316.0087114,315.3106444,313.8018462,317.4671357,315.5118006,316.7017032,315.2545811,317.568552
1961.75,315.35,315.9730978,314.8455797,313.1981855,316.6144556,316.9422954,315.267334,314.941806,316.4203381
1961.833333,316.05,312.5968911,315.7550139,314.5000276,317.9296879,317.2344316,316.225921,315.8821422,317.3351208
1961.916667,316.98,328.6684874,318.0331119,316.3717713,319.9848685,317.1190189,316.7982146,317.1662467,318.1546431
1962,317.925,313.0211925,319.4661074,317.4623802,321.129266,316.7770308,317.7225411,318.3056947,319.0970436
1962.083333,318.625,308.9564885,320.168452,317.5418927,321.3172656,316.2912878,316.9761257,319.764256,320.2664914
1962.166667,319.68,311.5450176,319.9949313,318.0463554,321.1229936,319.8697419,317.3475182,321.5050151,319.9856441
1962.25,320.55,318.4713955,320.4381357,319.3687484,320.8600317,321.2047939,318.3146217,323.0858559,321.0431676
1962.333333,320.9,324.0000372,321.1923591,319.7774957,320.7495022,321.6604702,318.9881862,322.8233451,320.7134995
1962.416667,320.5,315.1238473,320.9476333,318.9728038,320.6577216,320.5058473,320.3483794,321.390801,320.7855949
1962.5,319.425,313.1065862,320.2382738,317.1651319,320.4018384,318.3022257,319.5560438,319.9993063,319.5213044
1962.583333,317.7333333,310.5137491,318.2165068,315.189413,319.0555424,317.6799219,318.7555161,318.4204283,317.2774025
1962.666667,316.0666667,319.13594,316.167328,313.3681636,316.8678961,315.7032487,316.8635607,316.8315538,316.2201216
1962.75,315.475,323.8895796,315.6126044,312.9842577,315.6983965,316.9714825,315.9031788,315.9775155,314.5859308
1962.833333,316.55,319.8323941,316.5515728,314.3484221,316.6449027,317.3444137,317.336329,316.4753405,315.3142924
1962.916667,317.525,327.5744609,318.3658322,316.4616909,318.5862842,317.2068351,318.3347156,317.3648373,315.9883892
1963,318.725,312.5973242,319.8093549,317.7114001,319.9520219,316.9873275,319.8136892,317.8042129,316.9752021
1963.083333,318.9666667,321.2020834,320.2781363,317.9767144,320.0217308,316.5928535,319.5431028,318.4721291,318.149922
1963.166667,319.86,318.1623116,320.3865457,318.7746645,319.806168,320.1742174,320.1342861,320.1333483,318.1033216
1963.25,321.275,316.0968039,320.7483673,320.2894417,319.8805048,321.631854,321.2673568,320.9576744,319.4305811
1963.333333,322.1,325.7090875,321.0199037,321.2285203,319.7808601,322.0983712,321.8132593,320.6747051,319.3638262
1963.416667,321.46,318.4756433,321.1122953,320.8080088,319.8087556,320.9902258,323.0844755,319.2101481,319.7072887
1963.5,319.6,321.6329264,320.0458793,319.4898962,319.5697455,318.9835092,322.2933596,317.7730449,318.8298864
1963.583333,317.6,313.740389,317.9734447,317.7607518,318.2929921,318.3232596,321.2065499,316.6070359,316.6119687
1963.666667,316.15,318.6858552,315.9150412,316.5278429,316.3936726,316.3603583,318.9173406,315.2146232,315.7784606
1963.75,316.05,323.0476042,315.3203535,316.1430495,315.2285703,317.2841955,317.7076644,314.739126,314.3444085
1963.833333,317,322.2207279,316.3896698,317.6224173,316.1965433,317.7789367,319.0613206,315.6659685,314.8188564
1963.916667,318.35,315.4845783,318.1120042,319.8460078,318.1036624,317.3448258,319.7748692,316.7931719,315.4288961
1964,319.4,316.0604212,319.9213992,320.9218436,319.4835312,316.9212583,320.8135692,317.4864499,316.3242573
1964.333333,322,316.4737633,321.1313966,323.0809167,320.4164107,321.0485805,321.4215577,321.2746123,319.0290245
1964.416667,321.75,316.9746208,321.2463651,322.2492313,320.5662698,319.8721832,322.2353952,319.8863237,319.5668822
1964.5,320.3,319.4979458,320.38896,320.2051527,320.5856228,317.7658703,321.0205565,318.5566765,318.9987214
1964.583333,318.5,317.7496609,318.1010972,317.9889856,319.391684,317.0773912,319.4135933,317.3759942,317.4603061
1964.666667,316.6,322.286457,316.4561969,315.9595666,317.5232053,315.1615247,317.0633601,316.159901,316.8822271
1964.75,316.96,327.8822645,315.4684159,315.1253304,316.398594,316.3774682,315.6362127,316.0460722,315.8483833
1964.833333,317.725,319.6599183,316.7820077,316.2706895,317.5018358,317.0571388,316.856084,317.0180909,316.6060487
1964.916667,318.675,327.3845938,318.6343005,318.1448287,319.426207,316.9749396,317.625077,318.4418546,317.2612808
1965,319.4,319.6045634,320.0375758,319.0023912,320.4258179,316.9845057,318.8953745,319.5833943,318.1797131
1965.083333,320.45,312.647678,321.0405003,319.3137039,320.6285887,316.6784564,318.5770828,320.7687466,319.1036059
1965.166667,320.925,331.0028057,321.2271246,319.8872949,320.5422357,320.1722021,319.3282735,322.5408515,318.8532644
1965.25,322,320.9698365,321.5124002,321.4398992,320.5858529,321.4517609,320.6885167,323.8027466,319.9240499
1965.333333,322.06,321.4074253,322.3819115,322.4049115,320.5153132,321.8916053,321.545142,323.5865342,320.0320132
1965.416667,321.775,323.3145255,322.1344531,321.8466577,320.4222991,321.0164213,323.0418995,322.604842,320.3394081
1965.5,321.04,316.8807923,321.2824597,320.4679076,320.0553369,319.0483552,322.3190384,321.1453594,319.6807097
1965.583333,318.725,318.9684975,319.357732,318.493378,318.8956495,318.5071268,321.4730635,319.8270215,318.0701513
1965.666667,317.825,326.0689244,317.6521281,316.7957466,317.224354,316.9011794,319.5345414,318.497928,317.6401158
1965.75,317.34,317.494592,317.0620957,316.3862707,316.3426173,318.3071005,318.638552,318.0537693,316.6982289
1965.833333,318.875,323.7476304,317.8477683,317.7160591,317.6451698,319.4083202,320.1606227,318.8820141,317.8137645
1965.916667,319.325,317.9314735,320.1136523,319.6107593,320.0420581,319.5868378,321.2676312,320.1751867,319.0248341
1966,320.54,327.9652199,321.8069528,320.6021734,321.6418591,319.7929936,322.447486,320.8033086,320.4887816
1966.083333,321.575,313.7101521,322.8742123,320.7528617,322.2842523,319.7559326,322.119627,321.9401359,321.9900483
1966.166667,322.375,321.2230217,322.8177369,321.4207424,322.7778072,323.4415767,322.5242165,323.6729648,322.1380721
1966.25,323.66,322.1876212,323.2433419,322.838214,323.1851056,324.8266859,323.6619515,325.0870741,323.6111772
1966.333333,324.025,330.2500464,324.0227319,323.6177239,323.4147414,325.228641,323.9418693,324.8322515,323.9343929
1966.416667,323.7,312.1210737,323.9009148,322.9635636,323.4074853,324.2907467,324.7465987,323.5658076,324.3173603
1966.5,322.85,320.7218418,323.1040261,321.5839914,323.0113689,322.2627481,323.5562924,322.4824923,323.7514095
1966.583333,320.2,320.4968899,321.0171306,319.6836796,321.763727,321.7125071,322.2875659,321.2333799,321.8943106
1966.666667,318.7,326.4291208,318.7807662,317.8512575,319.7345349,319.7998716,319.7605627,320.0131412,321.1196868
1966.75,318.18,319.4010622,318.6828302,317.348583,318.8796219,320.7795125,318.5378635,319.628687,319.8050905
1966.833333,319.9,321.9175525,319.7231068,318.7139345,319.5835629,321.5860002,319.7882029,320.400489,320.1697778
1966.916667,321.06,318.4450694,321.5972472,320.45763,321.5452272,321.3843825,320.5534539,321.5867715,320.8716739
1967,322.4,319.3343556,323.3849933,321.5067724,322.5920071,321.5818047,321.8038026,322.2963173,321.7499922
1967.083333,322.425,322.5315402,323.938464,321.6730253,322.9192784,321.2890594,321.4315469,322.9406403,322.8920169
1967.166667,323,320.7291708,324.3308453,322.2593808,323.0150817,324.6874698,321.8931223,324.5304661,322.5773687
1967.25,324.28,315.8397598,324.7752684,323.6709483,323.1805372,325.4958311,322.854794,325.546551,323.8084776
1967.333333,324.95,326.1572566,325.3998802,324.4947926,323.0077976,325.8544357,323.3044246,324.9581905,324.2187433
1967.416667,324.075,320.8323585,325.5756916,323.9364465,322.7717336,324.8532985,324.3894619,323.5166649,324.7122499
1967.5,322.48,328.0074177,324.2711702,322.3682997,322.3917781,322.7389085,323.3025517,321.8879428,324.247882
1967.583333,320.85,318.6400934,321.9649382,320.3745663,321.0072316,322.3913179,321.8336817,320.6967688,322.3315122
1967.666667,319.3,325.0868853,319.8413651,318.5335556,319.0353298,320.4852056,319.5995399,319.273284,321.6682877
1967.75,319.45,318.3832004,319.3448487,318.0490788,318.0346097,321.600673,318.6304645,319.2166726,320.3807305
1967.833333,320.675,318.070827,320.3804861,319.411901,318.8794059,322.6795263,320.1589918,320.2331926,321.1212523
1967.916667,321.92,322.5594322,322.2392717,321.0892288,320.7936808,322.5071815,321.2562388,321.6318891,321.850727
1968,322.55,320.3131692,323.7166389,322.3180677,321.7410926,322.8070904,322.6418757,322.4560634,322.4642234
1968.083333,323.05,316.826676,324.433693,322.7189247,321.9867407,322.7358096,322.5419089,323.5571138,323.3231065
1968.166667,323.92,333.5930529,324.7923275,323.5159072,322.1887412,325.938013,323.3033587,325.2075307,322.9572955
1968.25,324.975,322.8826485,325.2748155,325.0631863,322.4401972,327.0510303,324.6932628,326.407691,323.8133136
1968.333333,325.475,320.1579232,325.9566005,326.0654845,322.454213,327.0188674,325.1232588,326.1373287,324.0735387
1968.416667,325.26,321.0994567,325.4490872,325.5494069,322.3782005,325.9823018,326.2927769,324.7637327,324.5536615
1968.5,324.025,318.7362195,323.9683311,324.0932673,322.1904621,323.7471372,325.197432,323.3396945,323.982017
1968.583333,321.94,328.0073755,321.758695,322.0694074,320.9082617,323.1975335,323.9422077,321.9671088,322.310909
1968.666667,320.25,333.111282,319.9977135,320.2479686,319.3206514,321.0167554,321.5484275,320.441545,321.7462254
1968.75,320.275,320.1643714,319.2577464,319.4681945,318.8891226,321.9159995,320.4110581,320.2899735,320.7325396
1968.833333,321.32,321.0700203,320.2378851,320.5691592,320.2949299,322.9556612,321.8731002,321.1100056,321.7626304
1968.916667,322.925,322.8628522,322.1698372,322.4009834,322.5210883,322.9512015,322.3662874,322.3532179,322.8778527
1969,323.925,324.4224627,324.1639948,323.0579999,323.9404447,323.0946239,323.5994113,323.1626817,323.9554818
1969.083333,324.275,325.5808414,324.5744508,323.0143098,324.7120203,322.9301615,323.1501792,324.1835408,325.3178856
1969.166667,325.6,325.5798545,324.7936433,323.6368983,325.4054495,326.2785725,323.434864,325.7154539,325.1530022
1969.25,326.575,327.5594759,325.6934867,324.7813957,325.8546387,327.2308491,324.5619757,326.9582457,326.3529642
1969.333333,327.28,325.1670375,325.649415,325.6608593,325.8844955,327.1728197,324.7976549,326.5974236,326.6732521
1969.416667,326.55,316.1553059,325.5726419,325.0030534,325.8097661,326.1815605,325.5855926,325.2940593,327.0125149
1969.5,325.8,320.8531713,324.2563088,323.4991927,325.1475519,323.8565988,324.3621197,323.9106881,326.338944
1969.583333,323.54,327.287979,322.0554166,321.6104527,323.9495674,323.1974504,322.9982414,322.6021115,324.3040648
1969.666667,322.4,323.2173657,320.05822,319.7178228,321.8990265,321.0778721,320.9845575,321.3263042,323.3181491
1969.75,321.8,334.7702774,319.3750798,319.120349,320.9694043,322.0846035,319.9736517,320.8888006,321.9870445
1969.833333,322.82,322.1661866,320.7182445,320.5975197,322.1883458,322.9924096,321.6621656,321.8453626,322.7879787
1969.916667,324.125,330.0443417,322.5745574,322.6935878,323.9339328,322.9541955,323.0130538,323.0070413,323.5740602
1970,325.08,325.5719564,324.1666227,323.8009755,325.1131169,323.666646,324.619441,323.5744112,324.60153
1970.083333,326.025,321.6365386,325.2048206,324.0878839,325.3638991,323.5196356,324.4440781,324.2545984,325.9076005
1970.166667,327,330.8662792,325.5986632,325.045728,325.7479812,327.0722624,325.2716833,325.8604844,325.9606178
1970.25,328.075,330.3316876,326.2360227,326.9174784,326.1786265,328.1354152,326.7007277,326.6684671,327.3213294
1970.333333,327.92,324.6469755,326.9523682,327.9617148,326.1113464,328.3913376,327.0809191,326.3852458,328.0847681
1970.416667,327.55,319.3313387,326.9033543,327.6128829,325.9917509,327.5962912,327.963985,325.0601223,328.5325606
1970.5,326.3,325.5752728,325.1908308,326.299566,325.3645847,325.7162908,326.8709695,323.7053814,328.1629998
1970.583333,324.66,336.9077207,323.1981708,324.5936983,324.1386471,325.3813248,325.4221618,322.3114109,326.2992959
1970.666667,323.15,324.5125666,321.3123348,322.7989831,322.5217461,323.3441053,323.2390523,321.0098483,325.6492398
1970.75,323.14,329.0997276,320.8994617,322.361705,321.7995042,324.5044789,322.1400906,321.0330673,324.2470034
1970.833333,324.05,325.725781,322.0866513,323.7196912,322.9548314,325.7054192,323.5375025,322.259995,324.8112824
1970.916667,325.1,334.4207879,324.0579135,325.684943,324.9800986,325.8362916,324.7494434,323.6906685,325.6076184
1971,326.14,325.5192003,325.9121137,326.6303146,326.0916246,326.3651645,325.9716851,324.5262215,326.2611182
1971.083333,326.65,325.6486176,327.1749354,326.8571397,326.5564363,326.0658711,325.7298921,325.310964,327.1571453
1971.166667,327.2,325.0919224,327.3430394,327.6782124,327.0273158,329.3254058,326.3547557,327.0973507,326.6160538
1971.25,327.675,324.2322388,328.3332123,329.2820905,327.4593099,330.1042123,327.6052722,328.0752283,327.3582685
1971.333333,328.82,330.9492674,328.793213,330.1312901,327.4686137,329.8760756,327.8216676,327.662469,327.6003242
1971.416667,328.475,327.7584947,328.8431932,329.7512072,327.3034198,328.9340854,328.5901239,326.2768988,327.6085025
1971.5,327.22,321.3621794,327.1121361,328.2750036,326.8764328,326.6398344,327.2986814,324.6235352,327.1946907
1971.583333,325.25,322.1999159,325.2247188,326.1645121,325.6729728,325.8339546,325.5974084,323.1163901,325.1347021
1971.666667,323.4,325.2444156,323.1875326,324.4956255,324.1140623,323.4830305,323.2614507,321.8257868,324.2700303
1971.75,323.54,329.683213,322.6399249,323.9314037,323.5218435,324.4824035,321.9309315,321.4357499,323.2029339
1971.833333,324.825,324.3203145,324.2401644,325.1546928,324.8464357,325.4286591,323.5366423,322.5606591,324.0102233
1971.916667,325.925,320.3923471,325.910846,327.0105212,326.804032,325.4963864,324.3835955,323.8749594,325.1384773
1972,326.72,328.7083761,328.233182,328.0504604,327.9274405,325.9674819,325.7381432,324.9625454,326.134531
1972.083333,327.625,327.2902449,328.9500217,328.2223742,328.6042243,325.9431064,325.4507511,326.0834135,327.3528503
1972.166667,327.725,322.7293542,329.7548325,329.0058575,329.1189395,329.1904585,326.1646459,327.9067761,327.26477
1972.25,329.64,328.3704801,330.0596732,330.6146797,329.5225907,330.0697698,327.3961819,329.4247658,328.3690628
1972.333333,330,334.5715785,330.8066727,331.4783462,329.5410732,329.9286358,327.840137,329.2794324,328.7344059
1972.416667,329.075,329.6274621,330.6541947,331.0901993,329.071137,329.2208253,328.8789854,328.3233924,328.9123962
1972.5,328.04,331.6171567,329.2630883,329.6509482,328.4690409,326.9924715,327.6520762,327.3255854,328.2633463
1972.583333,326.25,330.0124273,327.0410157,327.7230146,327.1307728,326.3637512,326.2994339,326.036109,326.1297478
1972.666667,324.86,326.4081324,324.9590672,325.9639534,325.4454108,324.1646084,324.3582118,324.9674141,325.3745616
1972.75,325.3,333.1050441,324.2851019,325.3001362,324.8059809,325.2557943,323.534678,324.8715267,324.1873983
1972.833333,326.425,332.0519362,325.7259222,326.7315826,326.1316608,326.5753356,325.4117734,326.347332,325.1793959
1972.916667,327.54,321.8403772,327.5791412,328.6421356,327.8097691,326.603726,326.6417477,327.7860359,326.3793179
1973,328.55,322.216785,329.3603829,329.4252392,329.1611798,327.4094469,328.246092,328.6241014,327.7723299
1973.083333,329.475,323.0279746,330.4916573,329.7313628,329.6462459,327.6119434,328.3322741,329.7373433,329.2558435
1973.166667,330.38,323.0969335,330.7975995,330.5913812,330.1785248,331.0515461,328.8835564,331.478933,329.3298507
1973.25,331.575,327.0636264,331.1268105,332.0556871,330.6687599,331.8639913,330.2415034,332.7517994,330.839128
1973.333333,332.4,342.9489061,332.0629147,332.8023026,330.760569,331.8434979,330.4092037,332.5720809,331.4911399
1973.416667,331.94,321.1672816,331.42396,332.3999893,330.5756441,331.3805014,331.1741215,331.2558158,331.926125
1973.5,330.65,329.5256368,329.9708918,330.8909767,330.0288862,329.1959641,329.8013392,329.9967972,331.4223185
1973.583333,329.325,337.1002635,327.8273841,328.9603728,328.7181648,328.5564114,328.1141393,328.6847444,329.3566659
1973.666667,327.5,328.7924055,325.5189915,327.004511,327.0541036,326.3069415,325.8453957,327.4117359,328.5869792
1973.75,327.225,324.6912253,325.1075572,326.4031634,326.3420938,327.2705503,324.7121969,327.3721133,327.0459417
1973.833333,328.05,336.0903477,326.3398314,327.7462739,327.6018189,328.5047573,326.3935874,328.4780492,327.4593731
1973.916667,328.64,329.180276,328.4312658,329.7511247,329.184247,328.3762489,327.6359936,329.828754,328.4727662
1974,329.325,330.7405842,329.8912941,330.5924455,330.0931668,328.9476749,329.0528908,330.6706305,329.2681758
1974.083333,330.625,326.5643439,330.8829851,330.7182321,330.26434,328.8967603,329.0801444,331.3528396,330.4387411
1974.166667,331.5,331.736149,331.223053,331.5838968,330.9112396,331.9749203,329.8072928,332.8602727,330.1290893
1974.25,332.625,327.1751278,331.7542449,332.9422946,331.1774086,332.7632866,331.2809839,333.8488757,331.182662
1974.333333,332.975,324.7030038,332.087697,333.6855976,331.159137,332.4408808,331.660043,333.4238454,331.6179038
1974.416667,332.16,335.126252,331.7375306,333.1833239,330.5744008,331.5189848,332.4679404,331.9342827,331.9488932
1974.5,331.075,338.9501133,330.3046366,331.8379595,329.9182309,329.3112906,331.2273675,330.2336157,331.5968398
1974.583333,329.22,336.2179379,327.8828442,329.8392562,328.4165158,328.6929897,329.5648108,328.6149863,329.5375455
1974.666667,327.375,337.7477255,325.9193487,328.0449885,326.7077376,326.4344342,327.4412056,327.0959325,328.9084744
1974.75,327.375,327.4712381,325.3092081,327.5256693,326.1521172,327.4223413,326.3542032,327.0694642,327.8529821
1974.833333,328.4,329.7461726,326.6059233,328.8904019,327.1830177,328.722304,328.2439244,328.333305,328.9528129
1974.916667,329.675,327.8469788,328.8090469,330.896032,328.7666651,328.9222291,329.3246808,329.8850224,330.4117356
1975,330.25,333.3727274,330.0337687,331.7738113,329.5829367,329.7701003,330.6408792,330.8513149,331.8019961
1975.083333,331.3,327.9382547,331.2797167,332.0142487,329.9100003,329.992634,330.8024308,332.0440541,333.1030466
1975.166667,332,320.9149724,331.7701447,332.9963266,330.4132393,333.2231486,331.5192725,333.8737027,333.0538211
1975.25,333.275,323.3321414,332.1903387,334.1990254,330.9017706,334.2677177,332.9099675,335.1664662,334.149847
1975.333333,333.86,338.8222865,332.6553367,335.1211166,330.6070682,334.0968438,333.3009921,335.3709462,334.4370778
1975.416667,333.4,329.0247095,332.5802114,334.5867344,330.1051501,333.4142701,334.4459051,334.0660109,334.4987699
1975.5,331.8,330.4622607,330.9393827,332.880422,329.4139575,331.2915334,333.1824451,332.4813253,333.7174748
1975.583333,329.98,333.4852685,328.5999586,330.6723374,327.9956098,330.5776715,331.6195401,331.1002438,331.2525926
1975.666667,328.525,339.6281459,326.726189,328.7335293,326.5309408,328.1860802,329.5133794,329.6750428,330.1685037
1975.75,328.325,326.0595378,326.155176,328.0774761,326.3638699,328.9885895,328.7324055,329.3983721,328.9362582
1975.833333,329.44,336.3643271,327.3676922,329.135597,327.6181146,330.1822547,330.5149768,330.606991,329.5406488
1975.916667,330.775,331.2083746,329.2680926,330.8594094,329.3876594,330.3896148,331.8656888,331.8493291,330.9536067
1976,331.74,335.7136039,331.0717953,331.516452,330.5430081,331.350193,333.4085658,332.4009412,332.0675443
1976.083333,332.55,331.2709373,332.2919174,331.6303851,331.2771013,331.5221027,333.5117907,333.00179,333.5869621
1976.166667,333.45,327.2395318,332.9376304,332.490223,332.2838637,334.7635216,334.2832206,334.5743879,333.5016604
1976.25,334.45,335.7713391,333.595766,333.8654877,333.011792,335.5696031,335.6058541,335.4726864,334.761135
1976.333333,334.76,334.4442486,334.0572057,334.6739872,333.2477915,335.4758661,335.9651684,335.087748,335.1796092
1976.416667,334.4,335.4832243,333.794567,334.2621649,333.0011782,334.8230992,336.7766187,333.6652498,335.1594446
1976.5,332.86,332.5668709,332.4294274,332.8505732,332.3937562,332.6481984,335.5575068,331.9962131,334.4299194
1976.583333,330.725,324.2614053,330.1635589,331.1305118,331.2530111,331.6473659,333.7626507,330.3840236,332.1629707
1976.666667,329.35,337.7875422,328.2306946,329.4486851,329.7843945,329.4495147,331.6927806,328.95605,330.8982453
1976.75,329.1,341.357571,328.0219984,329.2556553,329.5226718,330.1929765,330.7431336,328.9434897,329.4429162
1976.833333,330.35,337.1792498,329.374281,330.9046544,330.7499605,331.2664597,332.6112779,330.1489371,330.1137946
1976.916667,331.625,326.1849992,331.1368821,333.0843247,332.3021437,331.5312111,334.0753786,331.5477981,331.2932196
1977,332.88,335.8575788,333.3994644,334.1625688,333.3080976,332.6089372,335.597265,332.2527396,332.4341027
1977.083333,333.425,333.9858478,334.0683082,334.5737287,333.7885184,332.6668904,335.804046,333.190576,333.811794
1977.166667,334.7,331.7175169,334.8511542,335.6812608,334.8601298,335.9357722,336.5158679,334.9492466,333.712632
1977.25,336.04,334.2041801,335.5299421,337.2063863,335.5168634,336.752516,337.8226916,335.9872353,335.0127669
1977.333333,336.675,329.3759855,336.236299,337.9879673,335.5527265,336.4721379,338.1203728,335.6631917,335.6491442
1977.416667,336.2,326.9589406,335.9111759,337.5714038,335.2582401,335.9640098,338.7068359,334.3619717,336.0971746
1977.5,334.8,330.197956,334.455008,336.0683745,334.6976003,333.7747953,337.1377133,332.802428,335.5725865
1977.583333,332.875,339.0869852,331.8647803,334.1927403,333.6468909,333.1101283,335.1204127,331.4297778,333.5653806
1977.666667,331.575,332.551835,330.3633113,332.3985982,332.1128845,330.8644846,332.6495315,330.2479779,332.8057834
1977.75,331.2,336.3279809,329.9478593,332.0339179,331.8189225,331.6595807,331.4301878,330.2305783,331.7618762
1977.833333,332.35,330.7733858,331.1751743,333.3742772,332.9620709,333.1946496,333.1125763,331.8031995,332.721573
1977.916667,333.86,336.8172661,333.5169409,335.3672298,334.4112214,333.3942652,333.9058127,333.3474385,334.1115165
1978,335.025,337.3799817,335.0934423,336.209696,335.310642,334.4051867,335.1716794,334.3949353,335.3364997
1978.083333,335.35,332.6916648,336.2156168,336.5457564,335.5892665,334.8047685,335.1147654,335.3320602,336.7258548
1978.166667,336.6,338.7099764,336.9296234,337.414793,336.1076999,337.8282976,335.6500621,337.3347626,336.2309363
1978.25,337.64,331.2421562,337.6414512,338.9168677,336.6174976,338.4704791,337.0595794,338.5189138,337.0610357
1978.333333,337.95,340.960085,338.1139432,339.8203299,336.4346734,338.0726534,337.2423422,338.2496107,337.1142629
1978.416667,337.925,343.9783265,337.7842531,339.2942525,335.7513285,337.4859967,337.898659,336.9195328,336.7804939
1978.5,336.5,332.9261654,336.2457778,337.6766396,335.142083,335.0654738,336.5648767,335.1772071,335.6097595
1978.583333,334.65,329.9168517,333.9553707,335.7932482,333.9035456,333.8780264,334.8371214,333.3518676,333.0645713
1978.666667,332.74,327.2000506,331.9647573,333.6687192,332.5270232,331.3955273,332.7766824,331.6902829,331.8820396
1978.75,332.65,336.9703418,331.9957676,333.4362973,332.0335107,331.8672583,331.7427878,331.2852256,330.5160078
1978.833333,333.825,340.9171293,333.1735595,334.6535185,333.4729045,333.2229145,333.6230814,332.3954364,331.3419688
1978.916667,334.96,332.686093,335.4249854,336.7079638,335.1975926,333.3536669,334.8119018,333.6872938,333.0918697
1979,336.225,329.2950358,337.1992633,337.431733,336.2370141,334.4218427,336.4172237,334.4452313,334.4839864
1979.083333,336.7,338.9082945,337.9736236,337.5933982,336.7733251,334.5918411,336.5675457,335.1956106,336.2866008
1979.166667,338,346.7066038,338.8105761,338.318661,337.8270855,337.6003158,337.2701485,336.7623986,336.4171749
1979.25,338.875,334.5781536,339.3557218,339.6121546,338.8224858,338.3832744,338.6841924,338.010195,337.8464734
1979.333333,339.375,335.9637744,339.6905538,340.6035247,338.9802126,337.9957042,338.9213181,337.8176879,338.6319564
1979.416667,339.24,336.6022493,339.3590869,340.1159759,338.6870138,337.5963329,339.6684048,336.6946653,338.9019492
1979.5,337.525,337.4267473,337.5810917,338.6412564,337.7633871,335.3004339,338.1646521,335.4451933,338.328456
1979.583333,336.025,342.6146913,335.2424729,336.6881794,336.7312835,334.3702821,336.4404009,334.1261221,335.8671946
1979.666667,333.98,344.217702,333.973046,335.122563,335.4328418,331.8278781,334.1979822,333.0022167,334.9408052
1979.75,333.95,339.38238,333.6936749,334.7214937,335.012935,332.7778873,333.2755703,333.1803154,333.7824588
1979.833333,335.15,341.9667302,334.5792324,336.2113481,336.1358107,334.0796357,335.2115107,334.7656836,334.9189004
1979.916667,336.66,333.6512992,336.5741433,338.0653942,337.5904545,334.3721115,336.4191841,336.5037455,336.5377075
1980,337.925,327.9943248,338.3696581,338.8889875,338.4857293,335.5628171,337.9543937,337.3963811,338.2314533
1980.083333,338.225,337.9083876,339.4624201,338.9691921,339.0732158,335.9334569,338.2134083,338.6791438,339.9514365
1980.166667,340.06,329.7522722,339.8949607,339.5594667,339.9560588,338.9557076,338.9169009,340.3235943,340.2212083
1980.25,340.75,342.0764044,340.913856,340.8308533,340.8549888,339.8726853,340.3772669,341.6743459,341.6533183
1980.333333,341.34,335.8177816,341.0043126,341.3189463,341.0365164,339.673843,340.5815445,341.3906984,342.2423493
1980.416667,340.95,338.6289702,340.7849465,340.6221827,340.5876523,339.3258181,341.239831,340.1221287,342.7256811
1980.5,339.375,340.73508,339.0630287,338.9220056,340.0867234,337.2101655,339.720389,338.540185,342.2434212
1980.583333,337.6,339.1518301,336.4822731,336.7162961,339.0056193,336.5676316,337.7288039,336.7735566,339.7989047
1980.666667,335.875,339.9191466,334.7412495,334.7410379,337.5200004,334.280056,335.573954,335.3165652,338.6198659
1980.75,336.025,338.7874373,334.8487645,334.4902573,337.3191203,334.9613288,334.4774719,335.5175158,337.444827
1980.833333,337.06,346.3648057,335.9838981,335.9036232,338.348196,336.5287984,336.4593343,336.7637082,338.2960899
1980.916667,338.2,337.4145579,338.1044018,337.9570853,339.7699054,336.8822301,337.6562165,338.258472,339.9565933
1981,339.22,345.334269,339.4969017,338.7218523,340.2890173,338.3649608,339.1782395,339.084484,341.3004729
1981.083333,340.45,340.5019867,340.6649954,339.2547866,340.7666182,338.8251942,339.4777889,339.8927976,342.4032284
1981.166667,341.4,347.057249,341.3938675,340.3213256,341.6061777,341.8343206,340.4484042,341.6074021,342.0590649
1981.25,342.45,342.1206351,341.99382,341.8519131,342.2003041,342.6611281,342.2761174,342.5276505,342.9811525
1981.333333,342.82,329.8970578,342.8549006,342.9010878,342.0577044,342.4371184,342.6352813,342.3303005,343.0287867
1981.416667,342.125,343.4856437,342.0124379,342.7239187,341.5024509,341.8301334,343.5349069,340.7067319,342.7129287
1981.5,340.425,345.5203089,340.5085558,341.6287826,340.822524,339.8381848,342.0055205,338.9138555,341.7021519
1981.583333,338.4,337.8071414,338.0596657,339.772969,339.6218552,338.8146493,340.2345576,336.8405836,339.0781407
1981.666667,336.7,344.1379353,336.3778218,338.3724994,338.3069187,336.2313359,338.1807008,335.4216869,338.1273098
1981.75,336.94,336.6077969,336.2003212,338.2090932,338.1781168,336.9455529,336.9755969,335.3472397,336.9482567
1981.833333,338.425,347.3503498,337.6336566,339.8197778,339.341576,338.5186469,338.973676,336.5024872,338.1201573
1981.916667,339.6,345.8049827,339.6777432,341.9971532,340.8539018,338.8385921,339.9558548,338.1887846,340.1824422
1982,340.7,347.9225449,341.1851881,342.7446334,341.7185952,340.386129,341.3616553,339.0314448,341.9978808
1982.083333,341.55,344.6837108,341.9302433,342.9309174,342.5127342,340.8009479,341.312983,340.0453318,343.9677499
1982.166667,342.675,338.6211183,342.8205317,343.84852,343.769711,343.9550116,341.7867558,342.1396703,344.1807078
1982.25,343.475,342.1997656,343.7632399,344.7982325,344.6761593,344.7110961,343.0275187,343.4927148,345.596798
1982.333333,343.96,346.7758876,344.144205,345.3859857,344.7714462,344.3524241,343.0995236,343.5561591,345.7563193
1982.416667,343.3,346.359925,344.0407476,344.8298401,344.2107475,344.1699002,343.3686293,342.5658124,345.8932699
1982.5,341.92,340.0681962,342.106207,343.0815362,343.3207065,341.7970142,341.8547408,341.0706501,344.6912856
1982.583333,339.625,336.0350895,339.7680352,341.0092454,342.0723351,340.7596394,339.5343517,339.6824942,341.7112972
1982.666667,338.025,339.9661277,337.8414562,339.1738368,340.4952092,338.2351213,337.2383345,338.2679791,340.2166573
1982.75,337.9,331.628303,337.9858284,338.951997,339.9646032,338.6671358,336.0680306,338.3730413,338.8058297
1982.833333,339.275,343.9837325,339.4810939,340.2818746,341.0153649,340.1531253,338.0857684,339.9002757,339.6302565
1982.916667,340.425,336.2176749,341.1872999,342.2257105,342.0918173,340.526285,339.2799544,341.4363683,341.1526513
1983,341.34,345.4109434,343.1697196,342.8626148,342.5861766,341.8606501,340.9086246,342.2642504,342.3986027
1983.083333,342.5,335.7661289,343.9839298,342.7762428,343.2199917,342.358416,341.2846562,342.8981455,343.9696793
1983.166667,343.15,333.2146207,344.6762471,343.4637,344.3529597,345.5138908,342.346472,344.6830212,343.8033592
1983.25,344.9,330.6288281,345.0789129,344.6250923,345.2162496,346.232668,344.0771868,345.5721135,344.8480692
1983.333333,345.65,348.3559072,346.2501509,345.1361918,345.4069574,345.8230812,344.4859886,345.0455346,345.2489546
1983.416667,345.275,348.3027433,345.4294576,344.4677779,344.8539934,345.5679146,345.2738603,343.4665112,345.0947722
1983.5,343.82,349.0631926,343.8571343,343.0360836,344.1864867,343.4048698,343.9206394,341.8589271,344.0860122
1983.583333,342.15,340.2137915,341.1275229,340.874435,343.0014071,342.5872564,342.0512512,339.7807001,341.3342478
1983.666667,339.875,344.1437701,339.5859807,339.2130625,341.8149335,339.990141,340.0099939,338.2411847,340.0313901
1983.75,340.02,342.276285,339.6697375,338.9834294,341.5481529,340.4979326,339.1313658,338.4124926,338.7112626
1983.833333,341.15,349.4460438,341.1831234,340.6817676,342.6060308,342.3032834,341.359211,339.9765608,339.743578
1983.916667,342.98,349.0543476,342.9810091,342.8415779,343.7224902,342.9456391,342.5686411,341.6318897,341.5973791
1984,343.675,347.9461955,344.5229089,343.8081484,344.4244165,344.4187773,344.4010733,342.5029302,343.0317899
1984.083333,344.425,340.2098856,345.1000069,344.2131899,345.1197788,344.7997556,344.9039208,343.4548102,344.6191124
1984.166667,345.175,341.9810647,345.8276607,344.9571204,346.2369564,347.8508527,345.9281224,345.3852971,344.5254743
1984.25,347.4,346.8731488,346.8137885,346.4382154,347.0363357,348.3650283,347.4272562,346.6932753,345.5470915
1984.333333,347.35,337.1484296,347.2945744,347.1850602,347.1824002,347.8329541,347.7005872,346.5981958,345.9834153
1984.416667,346.66,337.4632928,346.5829174,346.7845012,346.4764611,347.7856191,348.311483,345.2863004,345.9020464
1984.5,345.2,336.0293314,344.8029532,345.3110346,345.5626819,345.3490681,346.7580824,343.4488928,344.8608339
1984.583333,343.3,349.0921556,342.6104371,343.3231077,344.3648534,344.1652926,344.5865567,341.8349231,342.33191
1984.666667,341.12,344.9002521,340.8860592,341.6455382,343.1762781,341.5802561,342.1995106,340.3322755,341.4144212
1984.75,341.475,342.6056355,340.6382463,341.3641722,342.7478095,342.0882371,340.7350369,340.6940151,340.7208613
1984.833333,342.85,342.120135,342.0351796,343.0980862,343.7118413,343.6070757,342.3529705,342.242732,342.0356369
1984.916667,344.14,353.1229815,344.1748014,344.8458806,344.7039865,344.0444446,343.2993439,343.9428644,344.3641756
1985,344.925,350.1097382,345.3262197,345.5768071,345.290974,345.6876246,344.3445385,345.0690312,346.2793564
1985.083333,345.875,341.0594348,346.3365109,345.4682004,345.8553045,346.0381927,344.5375261,346.1397628,348.0462489
1985.166667,347.44,348.8636112,346.9034167,346.0791789,347.0649473,349.0000817,345.1313737,348.0265497,348.2332368
1985.25,348.325,351.4132553,347.7005446,347.1450533,347.7419411,349.8017547,346.5428492,349.5435792,349.1802198
1985.333333,348.825,339.7737,348.1319224,347.6365084,347.4808158,349.0146783,346.6547118,349.4208053,349.3899726
1985.416667,348.18,346.4942352,347.8431132,346.8468247,346.7364908,348.6272873,347.2667344,348.2892142,348.9379758
1985.5,346.45,342.9436692,346.1856155,345.5253669,345.4493637,346.2564909,345.7066537,346.3997389,347.5206394
1985.583333,344.3,349.125479,343.3893521,343.4647507,343.8541137,345.0518511,343.6804536,344.62693,344.5861827
1985.666667,343,343.3489506,341.9092595,341.6752803,342.3199737,342.4128949,341.6110945,343.1261243,342.8822268
1985.75,342.8,344.7276195,341.8114337,341.6494473,341.7487213,342.5475039,340.804683,343.1401686,341.4559596
1985.833333,344.22,336.566138,343.4741756,343.2215586,342.3843083,344.0059306,343.0476671,344.3831162,342.3702926
1985.916667,345.575,347.805211,345.2626637,345.4384075,343.3925264,344.4425659,344.6867113,345.4763564,344.4367207
1986,346.25,351.1075748,346.57277,346.5825196,343.8920197,346.1673408,346.5229456,346.2568204,346.0389999
1986.083333,346.825,341.8480189,347.5210352,346.7719234,344.7028465,346.498042,347.1549691,346.9901787,348.0020821
1986.166667,347.74,339.1298149,348.302827,347.6505413,346.2099973,349.2485591,348.293495,348.5387873,347.9819914
1986.25,349.525,351.5707273,349.0858305,349.2345872,347.4028586,349.860503,350.05708,349.7572806,349.3968108
1986.333333,350.08,345.0183067,349.8850688,350.125493,347.6320646,349.4617667,350.4773234,349.3906796,350.0549065
1986.416667,349.375,351.1614419,349.1381495,349.6688722,347.1343937,349.3228445,351.2459448,348.1115527,349.9567501
1986.5,347.825,352.0458696,347.2360774,348.3720201,346.6337706,346.9144297,349.6715028,346.2306443,349.0504672
1986.583333,345.82,348.8436451,344.8043592,346.479018,345.6692507,345.8457014,347.5532264,344.4714472,346.540242
1986.666667,344.8,346.8430327,343.2551892,344.9137485,344.7759486,343.2136735,345.3456964,343.172419,345.4250653
1986.75,344.1,343.2890708,343.5216302,345.0267011,344.9122952,343.6727049,344.2206371,343.4836703,344.466083
1986.833333,345.62,343.8462083,345.2642048,346.6234551,345.9521948,345.2231185,346.1978441,345.305702,345.6658769
1986.916667,346.875,350.2711711,346.9731555,348.6315174,347.2469876,345.6653226,347.4171486,347.0326564,347.8773397
1987,348,354.4056273,348.4276657,349.4964596,348.0605146,347.2733939,348.7607555,348.1977449,349.4029514
1987.083333,348.5,341.6449574,349.1691942,349.5474802,349.0927989,347.6229509,349.3693899,349.4553438,351.0980686
1987.166667,349.475,346.1564502,350.1011484,350.3224749,350.788779,350.2381833,349.9718306,351.2447475,351.0069479
1987.25,350.85,345.9985815,350.8279817,351.3590512,352.1491622,350.804062,351.5433257,352.6871907,351.9722321
1987.333333,351.74,343.846904,351.434606,351.8711359,352.3299034,350.2132578,351.7773056,352.4998371,352.4653205
1987.416667,351.15,349.2813823,350.9126188,351.359653,351.7039162,350.0825564,352.233849,351.322038,352.1942974
1987.5,349.45,353.1761088,349.4925046,349.6408068,350.8815024,347.6700145,350.5786065,349.5502026,351.1071768
1987.583333,348.08,351.7330046,346.8888527,347.681966,349.8511243,346.5534349,348.2039271,347.6013919,348.3209449
1987.666667,346.4,345.119101,345.8843698,345.9516067,348.5697558,343.8046911,345.8980055,346.2295297,347.0269359
1987.75,346.44,353.4233524,345.8069075,345.9235131,348.3539988,344.3917473,344.7128731,346.4276287,346.144857
1987.833333,347.925,355.7745558,347.0422224,347.6686636,349.2026138,346.3586452,346.5246628,348.0394934,347.4698976
1987.916667,348.925,346.4921433,349.2287666,349.8027813,350.187799,346.9866681,347.8533353,349.7954962,349.7530444
1988,350.4,349.4189003,350.5131589,350.8778839,350.8718063,349.0073121,349.4096701,350.831696,351.2624949
1988.083333,351.775,349.8216019,351.4728153,350.9700402,351.6483616,349.4446019,349.9404167,351.8413262,352.8349485
1988.166667,352.125,345.1576262,352.3086797,351.8648506,353.1633874,352.464488,350.7749694,353.8380091,352.7296037
1988.25,353.58,352.7325379,353.2157388,353.4041174,354.1815898,353.1822518,352.6520477,355.2939587,353.5388667
1988.333333,354.175,346.4501204,354.1473887,354.2756375,354.1460709,352.6826022,353.0035574,355.1787394,353.6970456
1988.416667,353.75,350.7122516,353.3999678,353.9517902,353.2394288,352.8939561,353.7560798,353.9339098,352.8875789
1988.5,352.22,348.1993217,351.7351977,352.6400675,351.9554518,350.6441994,352.5779973,352.2121969,351.4160927
1988.583333,350.3,350.7663461,349.0941237,350.82319,350.5664739,349.4746521,350.2390004,350.2997499,348.3521541
1988.666667,348.75,354.8016718,347.8015792,349.2831825,349.4065023,346.9439962,348.3824952,348.7753972,346.9202706
1988.75,348.96,352.2605971,347.9645482,349.5257417,349.1265943,347.4641742,347.4349895,349.004448,345.7087315
1988.833333,350,355.359383,349.8566079,351.4396706,349.9864043,349.2918579,349.6373433,350.5658557,346.893172
1988.916667,351.36,350.2542013,351.2889779,353.6029148,351.1062402,349.8449085,350.847473,352.334615,349.3362578
1989,352.775,352.7905116,352.5178249,354.3055449,351.7492824,351.756413,352.3008667,352.943359,351.0815728
1989.083333,353,347.5207592,353.3099819,354.3476781,352.9539896,352.4045403,352.8866653,353.7355037,353.1558674
1989.166667,353.6,347.7168917,354.1224784,355.1387794,354.6536606,354.9171363,353.6055774,355.8639775,353.3121815
1989.25,355.36,356.0523499,354.8946031,356.3304987,356.0332663,355.5962054,355.1226657,357.0394053,354.5452964
1989.333333,355.6,353.3071421,355.4797529,356.9124033,356.1100237,355.1061292,354.9497166,356.9228933,355.2728813
1989.416667,355.125,356.1644055,355.3830935,356.1321261,355.4359345,355.2147407,355.3153956,355.8411342,355.0561455
1989.5,353.86,347.3462846,353.5262598,354.5905183,354.424982,352.9285694,353.390931,354.0761985,354.0830863
1989.583333,351.575,343.5610135,350.8755531,352.530467,353.0518099,351.6577298,350.7976242,352.226017,351.170411
1989.666667,349.86,353.9249272,349.6200705,350.5715537,351.8229261,348.9418167,348.4055174,350.7290935,349.8053778
1989.75,350.05,358.6692,349.80466,350.2084765,351.2214413,349.2609357,347.1949378,351.2414541,348.7508237
1989.833333,351.2,347.8276765,351.1767589,352.0115869,351.9955356,350.9484422,349.0325277,353.0167142,349.7984207
1989.916667,352.48,360.4189439,352.9883386,353.6287436,352.8635929,351.534576,350.2202593,354.50509,351.8939256
1990,353.65,362.6108543,354.1570096,354.32103,353.330041,353.138889,351.8514275,355.3158009,353.4996051
1990.083333,354.65,349.1079743,354.435851,353.9547624,354.1002315,353.6011245,352.6106627,356.3243265,355.0032609
1990.166667,355.48,344.0624769,355.6043004,354.5864932,355.7127855,356.0438036,353.6269432,357.8407047,354.7542074
1990.25,356.175,357.0371105,356.4625748,355.3361498,356.8781152,356.6845021,355.5770736,358.8027048,355.6194857
1990.333333,357.075,357.4271461,356.7985112,355.8410823,356.7829976,355.9120329,355.9604211,358.4085607,356.0930238
1990.416667,356.08,352.1940123,356.3314452,354.9826127,355.7516294,356.1534165,356.693131,356.6808018,355.7175961
1990.5,354.675,349.5896179,354.3306566,353.3729055,354.5110121,353.8779473,355.3978618,354.6557196,354.7733086
1990.583333,352.9,359.8075944,352.0214866,351.3532901,353.1320835,352.878483,353.2720171,352.4911878,352.0746272
1990.666667,350.94,355.6011009,350.7086869,349.5307544,351.8079385,350.3000012,351.3882527,350.7268815,350.6961428
1990.75,351.225,355.3658171,350.740225,349.6298802,351.2812827,350.8499509,350.5424048,350.9966188,350.0592292
1990.833333,352.7,347.7500461,352.1019214,351.3564904,352.2373803,353.0704555,352.9890759,352.4550144,351.4512653
1990.916667,354.14,347.6064834,354.1500201,353.5001127,352.9987606,353.7779997,354.3281749,353.9769636,353.9838688
1991,354.675,351.2751992,354.8068578,354.3608449,353.7534753,355.8860976,356.0613011,354.8757468,355.7982933
1991.083333,355.65,348.8059407,355.8158708,354.7518992,354.901068,356.3157404,356.9016695,355.7858416,357.464453
1991.166667,357.2,356.7000649,356.1856857,355.7518183,356.6382638,358.9415015,357.7782697,357.6170846,357.3206626
1991.25,358.6,357.0462564,357.1550454,357.1279194,357.9592889,359.6684883,359.5374777,359.0700585,358.2517195
1991.333333,359.25,348.0230036,357.9605209,357.9655696,357.8170473,359.0601318,359.8580112,358.709466,358.4277575
1991.416667,358.18,350.5870088,357.1185167,357.5630621,356.9184231,359.3126589,360.3978537,357.4013406,357.8992954
1991.5,356.05,346.3153877,355.3459597,355.9787745,355.7612565,357.1764283,358.6021649,355.4842801,356.7167053
1991.583333,353.86,355.3876038,352.8832726,354.0083757,354.3810763,355.8642827,356.1910753,353.5241351,353.734704
1991.666667,352.125,356.1641375,351.1910342,352.1754755,353.0429846,353.0498018,354.0080747,351.7536735,352.2584812
1991.75,352.25,351.8943226,351.2649158,352.1651325,352.9358473,353.2430009,352.5828904,352.2009082,351.2407375
1991.833333,353.74,357.6580503,352.8697874,353.6685279,353.8384503,354.9560073,354.5414,353.5722345,352.7031289
1991.916667,355.025,355.3695003,354.6607456,355.6771126,354.8734748,355.4412435,355.4793527,354.9956266,355.13618
1992,355.9,355.0173682,355.6823871,356.326088,355.7490369,357.21934,356.5197498,355.6622236,357.0023213
1992.083333,356.68,349.7053808,356.4422364,356.1914616,356.9407472,357.4255181,356.7658575,356.5861547,358.7708381
1992.166667,357.9,361.4617454,357.0843417,356.9293376,358.9850147,359.7848916,357.0104714,358.1883313,358.8359327
1992.25,359.075,351.642776,358.1147372,358.0650894,360.3130569,360.2572755,358.3517325,359.2416708,359.8482076
1992.333333,359.54,355.830532,358.7874706,358.6430709,360.1383417,359.6259046,357.9820718,359.1354351,360.4090797
1992.416667,359.125,354.5859422,358.0844683,357.9651432,358.8161977,359.6443964,358.2149634,357.6920068,359.9490294
1992.5,357,355.8752327,356.2122664,356.5491671,357.3453832,357.3250485,355.9533116,355.9149431,358.8107198
1992.583333,354.86,358.7619728,353.885967,354.4869075,355.6403538,356.1699931,353.4482503,353.8959105,355.635678
1992.666667,353.025,360.4004933,352.5468489,352.9159279,354.0431755,353.1843343,351.2219649,352.5168781,353.8928999
1992.75,353.42,355.4495184,352.6822848,352.9668344,353.3881595,353.2692121,350.0849176,352.878623,352.6606678
1992.833333,354.2,355.0276311,354.4241979,354.7960393,353.6563729,355.1975397,352.1253955,354.5879815,353.7365857
1992.916667,355.35,349.5688661,356.009107,356.7304393,354.4528446,355.8202814,353.4700313,355.9714789,355.9575168
1993,356.68,351.1671713,357.0045365,357.619285,354.9543323,357.2620798,355.0254244,356.7867559,357.4186328
1993.083333,357.175,356.6509449,357.7742985,357.79967,356.1674206,357.7691648,355.9691021,357.4570048,358.9612946
1993.166667,358.425,354.3458889,358.5491577,358.6368774,358.0701556,359.8791135,356.8464931,358.9919322,358.9548004
1993.25,359.325,357.6688347,359.4741566,359.956242,359.4255377,360.3894942,358.7860451,360.0560463,359.873565
1993.333333,360.18,358.2537022,360.5133602,360.5030705,359.3824168,359.8134308,359.0562348,359.6785158,360.4071102
1993.416667,359.5,356.8947003,359.5992352,359.8611481,358.2711618,360.2271562,359.6665852,358.0680158,360.2080723
1993.5,357.42,358.9257977,357.6710612,358.0616029,356.9793127,358.0076036,358.1749773,356.2139681,359.4225245
1993.583333,355.325,354.5279436,355.6353542,355.8703226,355.6550797,356.8907152,355.82828,354.1747735,356.6882947
1993.666667,353.775,363.7643124,354.1821404,354.1394731,354.621002,354.2762811,353.681653,352.5361539,355.4252273
1993.75,354.06,358.3000979,354.621169,353.9679036,354.4286963,354.6484815,352.8551375,352.9534728,354.8457195
1993.833333,355.35,364.6738156,355.9510698,355.8197938,355.4736719,356.5350597,355.0134191,354.8374193,356.1272841
1993.916667,356.775,353.9497603,357.8834507,357.5013143,356.5951792,357.1892874,356.3959325,356.483427,358.5325
1994,358.32,347.6668006,358.9578582,358.2835359,357.4017495,358.8854704,357.6318031,357.2356234,360.1324753
1994.083333,358.9,363.9836174,359.2803061,358.3347319,358.9022628,359.1059423,358.4002084,358.2451203,361.6900107
1994.166667,359.925,352.4450101,359.8968395,359.1066421,361.1021716,361.4178468,359.3404017,360.0360889,361.3702316
1994.25,361.22,359.3519995,360.9966076,360.4035487,362.583328,361.9441749,361.0468923,361.2471165,362.039222
1994.333333,361.65,361.5777854,362.1800241,360.9931603,362.3760865,361.0315268,361.2252754,360.9652375,362.4169813
1994.416667,360.9,352.7128255,361.4790957,360.4066952,361.0792279,361.2766225,361.7010762,359.5979922,362.020529
1994.5,359.46,357.4838205,359.6338714,358.7814224,359.6210407,359.4489648,360.3030783,357.6001232,360.6216966
1994.583333,357.375,362.4255967,357.8063294,356.6616854,358.1966925,358.0071571,357.8241949,355.5756674,357.4282099
1994.666667,355.925,357.9167049,356.1927686,354.8689682,356.9219151,355.0314141,356.0129971,353.9697945,355.8803918
1994.75,356.02,352.7195419,356.5718271,354.5982166,356.7133775,355.2036876,355.0824143,354.5089289,355.1283317
1994.833333,357.575,358.0722762,358.0187076,356.0743712,357.6320493,357.2646394,357.3648119,356.3643679,356.578464
1994.916667,359.06,363.9771338,359.1558167,357.9343237,358.6528143,357.925721,358.8098706,357.8472446,359.0923412
1995,359.975,361.5917278,360.6085026,358.5036232,359.5016499,359.6122714,360.3375303,358.6245178,360.8213486
1995.083333,360.925,364.48553,361.1941284,358.8830223,361.1881489,360.0152018,361.0609753,359.4745268,362.7509788
1995.166667,361.575,368.6013943,361.797926,359.7197957,363.1255164,362.2785046,361.9220116,361.431698,362.6099661
1995.25,363.36,355.018768,362.8920004,361.1248241,364.479289,362.9081403,363.667407,362.6898911,363.7990944
1995.333333,363.7,358.7405437,363.7057017,361.9084665,364.1625274,362.7551817,363.7441894,362.8488534,364.478568
1995.416667,363.25,367.4260725,363.001919,361.4707204,362.5197729,363.2645437,364.2223058,361.6893843,364.3159416
1995.5,361.8,358.2428556,361.1428402,360.2488762,360.7339261,361.4982592,362.7686227,360.1256478,362.9772704
1995.583333,359.375,358.8681319,358.8936192,358.213765,358.8091699,360.3607224,360.5695726,358.6447746,360.0157
1995.666667,358,353.6353639,357.6018548,356.7660278,357.3288485,357.8489145,358.6874104,357.6049547,358.6138351
1995.75,357.85,365.0294658,358.1192715,356.9843229,356.9190086,358.3103104,357.9932113,358.6297114,357.6012367
1995.833333,359.475,353.9772735,359.3722222,358.9130875,357.4726671,360.4705044,360.3092476,360.7911384,358.7117448
1995.916667,360.7,360.7462903,360.9050315,361.0662685,358.4446606,360.9548436,361.6577954,362.4638232,360.9478546
1996,362.025,365.4411948,361.9776671,362.1010291,359.1566547,362.6312657,363.1720123,363.2054121,362.6056522
1996.083333,363.175,367.7761129,362.260327,362.5498463,360.685364,363.0827883,363.8432707,364.1571477,364.2018908
1996.166667,364.06,360.6923869,363.5337513,363.6591556,362.9516539,365.1833159,364.5488554,365.8567537,364.1705155
1996.25,364.7,364.3377721,364.2798297,365.0528443,364.5781031,365.8968432,366.1710054,366.9556581,365.0651868
1996.333333,365.325,361.5324758,364.9067828,365.7315409,364.5997682,365.4139644,365.9111938,366.8424615,365.9900641
1996.416667,364.88,359.2401816,364.2277067,365.0701268,363.1008571,366.1294669,366.0814189,365.5564456,365.8032506
1996.5,363.475,358.2422545,362.7286189,363.2553571,361.5548927,364.2505984,364.3547185,363.5796907,364.8314221
1996.583333,361.32,360.8323144,360.0689773,361.172578,360.2367688,362.8683144,361.6939405,361.9035676,362.0023548
1996.666667,359.4,365.1586752,358.6143977,359.0710589,359.1435974,360.2929939,359.5111077,360.5395549,360.6771673
1996.75,359.625,364.0406833,359.4064888,358.886281,359.1440347,360.4650107,358.1573882,361.2659644,359.8105686
1996.833333,360.74,365.5374425,360.654641,360.6700242,360.14755,362.4965803,360.3596526,363.3616658,360.8842115
1996.916667,362.375,358.2534207,362.2718116,362.5592513,361.3700497,362.8011205,361.5538857,364.8567621,363.0548458
1997,363.125,359.4322812,362.9897554,363.3070689,362.3715115,364.346908,362.509783,365.4394858,364.4362397
1997.083333,363.875,353.571474,363.7102157,363.6770687,364.3431981,364.4086782,363.1861335,366.1303583,365.8010659
1997.166667,364.56,367.4296346,364.3064158,364.7473912,366.6146121,366.1491845,363.8449783,367.6298604,365.5786315
1997.25,366.325,368.0593761,365.6112209,366.2871545,367.880579,366.6391482,365.3617069,368.854816,366.3223392
1997.333333,366.68,359.5520386,366.1905404,367.1553692,367.446049,365.9709726,365.4169134,368.4745002,366.8451308
1997.416667,365.475,363.2016054,365.783357,366.6052517,365.9072364,366.6484771,365.7761743,367.0781894,366.5224621
1997.5,364.375,374.0160601,364.0889612,365.0763071,364.291025,364.9110224,364.3239219,365.0333072,365.4280661
1997.583333,362.46,362.2538578,362.0031128,362.9944324,362.6049461,363.4584633,361.9613755,363.1812436,362.5365733
1997.666667,360.15,368.583598,360.7036205,361.2301299,361.5913788,361.0454205,360.2916314,361.9097188,361.2293619
1997.75,360.75,363.5795438,361.0747743,361.1238099,361.6349388,361.1800041,359.5288982,362.5502031,360.6681065
1997.833333,362.38,371.2988741,362.3859805,362.7829165,362.7512061,363.365601,361.8772285,364.5103653,362.0701398
1997.916667,364.25,361.6019652,363.6826337,364.9595104,364.1799774,363.8795732,363.2672041,366.0577703,364.8817436
1998,365.34,362.6107923,365.0212972,365.8152746,365.4281063,365.6501557,364.5042194,366.6672058,366.6061315
1998.083333,366.2,366.6060751,365.5672849,366.1301363,367.4521395,365.9191803,365.2100577,367.4907431,368.4418691
1998.166667,367.375,362.0266181,366.4458033,367.0477518,370.162493,367.9935897,365.7996163,369.0921109,368.836307
1998.25,368.525,363.8209553,367.2836656,368.495372,371.6612025,368.7372188,367.3550439,370.4149004,370.0012471
1998.333333,369.14,365.5188829,368.2664655,369.2997723,371.1763036,368.3700062,367.3131966,370.330148,370.8825549
1998.416667,368.75,366.1430299,367.8932122,368.7548373,369.4981737,369.3653533,367.7658058,369.4768468,370.7010425
1998.5,367.6,366.8634428,366.1000705,367.1443344,367.7946434,367.8322025,366.2144578,367.7519132,369.530022
1998.583333,365.72,366.7523895,363.964461,364.8107404,366.0042654,366.6382187,363.9639423,366.2979121,366.4369388
1998.666667,363.925,367.9783136,362.6946226,362.749918,364.8097171,363.9232445,362.3120131,365.2066417,364.7519798
1998.75,364.32,363.8447607,363.1016909,362.7066249,364.7944477,364.0655394,361.5835415,366.0337507,363.6776262
1998.833333,365.55,364.1227023,364.613246,364.2745106,365.8806478,365.8857856,364.2011584,368.0956527,364.4804619
1998.916667,366.925,365.0692945,366.3161666,366.4847896,366.8152292,366.1544692,365.5506978,369.4914797,366.8397426
1999,368.12,362.4263828,366.9643913,367.2991567,368.0691783,367.5529897,366.8965888,369.7360559,368.2228865
1999.083333,368.85,367.4230589,367.6118685,367.7153468,369.9396674,367.5555249,367.5818086,370.1493788,369.6482986
1999.166667,369.6,359.1362233,368.4929577,368.8811821,372.5817617,369.0081277,368.2353679,371.3307891,369.8313261
1999.25,370.975,369.0511974,369.5734494,370.4126798,373.9505979,369.4253727,369.8585594,372.0847086,370.9905537
1999.333333,370.84,369.3358086,370.0836332,371.4211584,373.4284297,369.1052882,369.7486174,371.6357057,372.0664584
1999.416667,370.25,364.9119365,370.0774179,370.6716049,371.6494834,369.9850397,370.0082743,370.2431119,372.0977015
1999.5,369,375.9185886,368.2709313,369.0502655,369.8568025,368.4068392,368.5737187,368.1485878,371.3022928
1999.583333,366.7,378.0386312,366.3554117,366.6910316,368.0236943,367.0370988,366.3340446,366.4060593,368.3926882
1999.666667,364.675,363.6803753,365.0538861,364.4879617,366.860238,364.3838436,364.7486247,365.2236636,366.8721363
1999.75,365.14,369.0533822,365.2415069,364.3947776,366.9519016,364.2520227,364.1625836,366.1771934,365.9395996
1999.833333,366.65,367.3234901,366.7350357,365.88885,367.7609148,366.0086229,366.5289638,368.2374854,367.1659558
1999.916667,367.9,369.5546934,368.068219,367.9001788,368.8711066,365.9163403,367.8349566,369.6629569,369.3712023
2000,369.02,362.2282649,369.0287701,368.7866488,370.1198885,367.2415945,369.2096691,370.1408933,370.6531687
2000.083333,369.375,362.5449595,369.1513521,369.4181475,371.8419388,367.2554684,369.9935098,370.3049734,372.0710642
2000.166667,370.4,369.1483594,369.7758439,370.5919235,374.0080756,368.7011088,370.6983781,371.6881277,371.7917539
2000.25,371.54,368.9764271,371.0050316,372.3559865,375.0956001,369.1223404,372.2482046,372.6182696,372.7968832
2000.333333,371.65,366.0304256,372.0914415,373.2300273,374.1086398,368.9085505,372.3415727,372.3297481,373.7834963
2000.416667,371.625,372.5927678,371.5619273,372.4979407,372.0662756,370.125892,372.7228299,371.002864,373.4349942
2000.5,369.94,369.8915004,369.6740517,370.7295793,369.6709789,368.5569575,371.331077,369.1378877,372.6218093
2000.583333,367.95,373.2305312,367.5846283,368.0508572,367.9835928,367.4328944,369.2332532,367.2487509,369.4903159
2000.666667,366.54,367.4522801,366.1173808,365.978801,366.6561736,364.8722506,367.652483,366.2407865,367.8891792
2000.75,366.725,374.8618704,366.5770562,365.497033,366.7171332,364.72589,366.8031362,367.0957807,367.0821405
2000.833333,368.125,365.2719126,368.063566,367.1450453,367.8761487,366.7143007,369.0749389,369.0619857,368.063785
2000.916667,369.44,367.00909,369.1804954,368.9887073,369.1717213,366.9999618,370.3706511,370.2203443,370.3340711
2001,370.175,368.1350439,369.5854285,369.8368088,370.4173446,368.5588672,371.1772433,370.5971423,371.4200894
2001.083333,371.325,368.3777837,369.9340783,370.35667,372.6690278,368.3933822,371.6106299,370.9726982,372.7737403
2001.166667,372.06,364.0749075,370.5000614,371.8403537,375.1690488,370.2676889,371.7306259,372.1407006,372.5369301
2001.25,372.775,369.7165298,371.4551847,373.5440367,376.3069352,370.9872079,373.0769611,373.2565933,373.3438727
2001.333333,373.8,364.1502862,372.7846016,374.355594,375.1814076,371.0072026,372.8454664,373.1504539,373.9609882
2001.416667,373.06,371.7846581,372.3819225,373.8339355,373.082256,372.5494767,373.1398787,372.0509152,373.5780206
2001.5,371.3,372.5790292,370.3308293,371.968391,370.7930294,371.3956219,372.0330475,370.7129793,372.3097774
2001.583333,369.425,373.5744866,368.0440973,369.5024864,368.7959582,370.3655827,369.9799408,369.4793277,369.0492616
2001.666667,367.88,369.9731175,366.8691861,367.6114249,367.5284339,367.8519055,368.9292351,368.808314,367.1609156
2001.75,368.05,378.4220794,367.2628429,367.4426423,367.6495881,367.9051448,368.8499549,370.2394785,366.0042231
2001.833333,369.375,374.4338843,368.406173,369.6949636,368.7898217,370.0278865,371.971692,372.7293012,367.1900692
2001.916667,371.02,367.266955,369.4924471,372.2389303,369.9210731,369.9813341,374.1739845,374.5887932,370.0996502
