,0,1,2,3,y_true,y_predict,y_proba
0,2.0,50.0,12500.0,98.0,1.0,1.0,0.7310583406893586
1,0.0,13.0,3250.0,28.0,1.0,1.0,0.7310583829654432
2,1.0,16.0,4000.0,35.0,1.0,1.0,0.731058279188446
3,2.0,20.0,5000.0,45.0,1.0,1.0,0.731058328728142
4,1.0,24.0,6000.0,77.0,0.0,0.0,0.5000000563555563
5,4.0,4.0,1000.0,4.0,0.0,0.0,0.6224592276427984
6,2.0,7.0,1750.0,14.0,1.0,1.0,0.7310583671271919
7,1.0,12.0,3000.0,35.0,0.0,0.0,0.5000000316292854
8,2.0,9.0,2250.0,22.0,1.0,1.0,0.7310584355928299
9,5.0,46.0,11500.0,98.0,1.0,1.0,0.7310583541913183
10,4.0,23.0,5750.0,58.0,0.0,0.0,0.5000001099816858
11,0.0,3.0,750.0,4.0,0.0,0.0,0.50000005466366
12,2.0,10.0,2500.0,28.0,1.0,1.0,0.7310584192500986
13,1.0,13.0,3250.0,47.0,0.0,0.0,0.5000000927014052
14,2.0,6.0,1500.0,15.0,1.0,1.0,0.7310578608814723
15,2.0,5.0,1250.0,11.0,1.0,1.0,0.7310581330981702
16,2.0,14.0,3500.0,48.0,1.0,1.0,0.7310584363983834
17,2.0,15.0,3750.0,49.0,1.0,1.0,0.7310583579503022
18,2.0,6.0,1500.0,15.0,1.0,1.0,0.7310578608814723
19,2.0,3.0,750.0,4.0,1.0,1.0,0.7310584620503932
20,2.0,3.0,750.0,4.0,1.0,1.0,0.7310584620503932
21,4.0,11.0,2750.0,28.0,0.0,0.0,0.5000000799416903
22,2.0,6.0,1500.0,16.0,1.0,1.0,0.7310586916677714
23,2.0,6.0,1500.0,16.0,1.0,1.0,0.7310586916677714
24,9.0,9.0,2250.0,16.0,0.0,0.0,0.49999991909090424
25,4.0,14.0,3500.0,40.0,0.0,0.0,0.5086614801224737
26,4.0,6.0,1500.0,14.0,0.0,0.0,0.5000001310371641
27,4.0,12.0,3000.0,34.0,1.0,0.0,0.5476925491654518
28,4.0,5.0,1250.0,11.0,1.0,1.0,0.7310583550979667
29,4.0,8.0,2000.0,21.0,0.0,0.0,0.49999984439863554
30,1.0,14.0,3500.0,58.0,0.0,0.0,0.49999993679727095
31,4.0,10.0,2500.0,28.0,1.0,1.0,0.731058486154586
32,4.0,10.0,2500.0,28.0,1.0,1.0,0.731058486154586
33,4.0,9.0,2250.0,26.0,1.0,1.0,0.7310583809085722
34,2.0,16.0,4000.0,64.0,0.0,0.0,0.5000001201029431
35,2.0,8.0,2000.0,28.0,1.0,1.0,0.7310583878368421
36,2.0,12.0,3000.0,47.0,1.0,0.0,0.5314574366498398
37,4.0,6.0,1500.0,16.0,1.0,1.0,0.7310580561582103
38,2.0,14.0,3500.0,57.0,1.0,0.0,0.4672935502798247
39,4.0,7.0,1750.0,22.0,1.0,0.0,0.4945970688340009
40,2.0,13.0,3250.0,53.0,1.0,1.0,0.7310583187044174
41,2.0,5.0,1250.0,16.0,0.0,1.0,0.6607564504224311
42,2.0,5.0,1250.0,16.0,1.0,1.0,0.6607564504224311
43,2.0,5.0,1250.0,16.0,0.0,1.0,0.6607564504224311
44,4.0,20.0,5000.0,69.0,1.0,0.0,0.5645975894301022
45,4.0,9.0,2250.0,28.0,1.0,0.0,0.6224593078424443
46,2.0,9.0,2250.0,36.0,0.0,0.0,0.3763238263157613
47,2.0,2.0,500.0,2.0,0.0,0.0,0.5000000268462805
48,2.0,2.0,500.0,2.0,0.0,0.0,0.5000000268462805
49,2.0,2.0,500.0,2.0,0.0,0.0,0.5000000268462805
50,2.0,11.0,2750.0,46.0,0.0,0.0,0.6224592743628874
51,2.0,11.0,2750.0,46.0,1.0,0.0,0.6224592743628874
52,2.0,6.0,1500.0,22.0,0.0,0.0,0.6224591682968472
53,2.0,12.0,3000.0,52.0,0.0,0.0,0.5043584655448903
54,4.0,5.0,1250.0,14.0,1.0,1.0,0.7310577057249092
55,4.0,19.0,4750.0,69.0,1.0,1.0,0.7310583876020275
56,4.0,8.0,2000.0,26.0,1.0,1.0,0.7310584888742777
57,2.0,7.0,1750.0,28.0,1.0,1.0,0.7310582172757067
58,2.0,16.0,4000.0,81.0,0.0,0.0,0.5637688688738496
59,3.0,6.0,1500.0,21.0,0.0,0.0,0.499999841974746
60,2.0,7.0,1750.0,29.0,0.0,0.0,0.49999971459780407
61,2.0,8.0,2000.0,35.0,1.0,1.0,0.7310579324792454
62,2.0,10.0,2500.0,49.0,0.0,0.0,0.5000002326986309
63,4.0,5.0,1250.0,16.0,1.0,1.0,0.7310584679595
64,2.0,3.0,750.0,9.0,1.0,0.0,0.4787138056075192
65,3.0,16.0,4000.0,74.0,0.0,0.0,0.4999998855362642
66,2.0,4.0,1000.0,14.0,1.0,1.0,0.7310584380383661
67,0.0,2.0,500.0,4.0,0.0,0.0,0.4999999679046781
68,4.0,7.0,1750.0,25.0,0.0,0.0,0.5000002886933909
69,1.0,9.0,2250.0,51.0,0.0,0.0,0.4649099825324348
70,2.0,4.0,1000.0,16.0,0.0,0.0,0.5498339692436286
71,2.0,4.0,1000.0,16.0,0.0,0.0,0.5498339692436286
72,4.0,17.0,4250.0,71.0,1.0,1.0,0.7310583697082206
73,2.0,2.0,500.0,4.0,0.0,0.0,0.62245932807089
74,2.0,2.0,500.0,4.0,1.0,0.0,0.62245932807089
75,2.0,2.0,500.0,4.0,1.0,0.0,0.62245932807089
76,2.0,4.0,1000.0,16.0,1.0,0.0,0.5498339692436286
77,2.0,2.0,500.0,4.0,0.0,0.0,0.62245932807089
78,2.0,2.0,500.0,4.0,0.0,0.0,0.62245932807089
79,2.0,2.0,500.0,4.0,0.0,0.0,0.62245932807089
80,4.0,6.0,1500.0,23.0,1.0,1.0,0.7310579956020317
81,2.0,4.0,1000.0,16.0,0.0,0.0,0.5498339692436286
82,2.0,4.0,1000.0,16.0,0.0,0.0,0.5498339692436286
83,2.0,4.0,1000.0,16.0,0.0,0.0,0.5498339692436286
84,2.0,6.0,1500.0,28.0,1.0,1.0,0.6607561942253656
85,2.0,6.0,1500.0,28.0,0.0,1.0,0.6607561942253656
86,4.0,2.0,500.0,4.0,0.0,0.0,0.570946603345158
87,4.0,2.0,500.0,4.0,0.0,0.0,0.570946603345158
88,4.0,2.0,500.0,4.0,0.0,0.0,0.570946603345158
89,2.0,7.0,1750.0,35.0,1.0,1.0,0.731057895127066
90,4.0,2.0,500.0,4.0,1.0,0.0,0.570946603345158
91,4.0,2.0,500.0,4.0,0.0,0.0,0.570946603345158
92,4.0,2.0,500.0,4.0,0.0,0.0,0.570946603345158
93,4.0,2.0,500.0,4.0,0.0,0.0,0.570946603345158
94,12.0,11.0,2750.0,23.0,0.0,0.0,0.5000000615753777
95,4.0,7.0,1750.0,28.0,0.0,0.0,0.5000003279450532
96,3.0,17.0,4250.0,86.0,0.0,0.0,0.49999994530844927
97,4.0,9.0,2250.0,38.0,1.0,1.0,0.731058337384665
98,4.0,4.0,1000.0,14.0,1.0,1.0,0.7310581121790466
99,5.0,7.0,1750.0,26.0,1.0,1.0,0.7310584264005309
100,4.0,8.0,2000.0,34.0,1.0,1.0,0.7310586628435379
101,2.0,13.0,3250.0,76.0,1.0,0.0,0.4325280639869951
102,4.0,9.0,2250.0,40.0,0.0,0.0,0.4999998805882754
103,2.0,5.0,1250.0,26.0,0.0,0.0,0.4999996190509202
104,2.0,5.0,1250.0,26.0,0.0,0.0,0.4999996190509202
105,6.0,17.0,4250.0,70.0,0.0,0.0,0.5000001546352942
106,0.0,8.0,2000.0,59.0,0.0,0.0,0.4732057076222791
107,3.0,5.0,1250.0,26.0,0.0,0.0,0.5000012936791901
108,2.0,3.0,750.0,14.0,0.0,0.0,0.49999986415744074
109,2.0,10.0,2500.0,64.0,0.0,0.0,0.5319416273244638
110,4.0,5.0,1250.0,23.0,1.0,0.0,0.622459014321175
111,4.0,9.0,2250.0,46.0,0.0,0.0,0.5000001297671138
112,4.0,5.0,1250.0,23.0,0.0,0.0,0.622459014321175
113,4.0,8.0,2000.0,40.0,1.0,0.0,0.30779663580289096
114,2.0,12.0,3000.0,82.0,0.0,0.0,0.5000000309724923
115,11.0,24.0,6000.0,64.0,0.0,0.0,0.5760059621674891
116,2.0,7.0,1750.0,46.0,1.0,1.0,0.7310582521477099
117,4.0,11.0,2750.0,61.0,0.0,0.0,0.44768890415295726
118,1.0,7.0,1750.0,57.0,0.0,0.0,0.5000000731104812
119,2.0,11.0,2750.0,79.0,1.0,1.0,0.7310584064853594
120,2.0,3.0,750.0,16.0,1.0,1.0,0.7310580621542596
121,4.0,5.0,1250.0,26.0,1.0,1.0,0.7310574266779148
122,2.0,6.0,1500.0,41.0,1.0,1.0,0.7310582308224588
123,2.0,5.0,1250.0,33.0,1.0,0.0,0.27386891125262564
124,2.0,4.0,1000.0,26.0,0.0,0.0,0.49999979626261926
125,2.0,5.0,1250.0,34.0,0.0,0.0,0.49999994100274897
126,4.0,8.0,2000.0,46.0,1.0,1.0,0.7310581465110834
127,2.0,4.0,1000.0,26.0,0.0,0.0,0.49999979626261926
128,4.0,8.0,2000.0,48.0,1.0,1.0,0.7310581505489002
129,2.0,2.0,500.0,10.0,1.0,0.0,0.6224593115212461
130,4.0,5.0,1250.0,28.0,0.0,0.0,0.5000001763649552
131,2.0,12.0,3000.0,95.0,0.0,0.0,0.49999989397120964
132,2.0,2.0,500.0,10.0,0.0,0.0,0.6224593115212461
133,4.0,6.0,1500.0,35.0,0.0,0.0,0.6224590356642382
134,2.0,11.0,2750.0,88.0,0.0,0.0,0.5000000040287087
135,2.0,3.0,750.0,19.0,0.0,0.0,0.49999920629086997
136,2.0,5.0,1250.0,37.0,0.0,0.0,0.5000001380534378
137,2.0,12.0,3000.0,98.0,0.0,0.0,0.49999988076464374
138,9.0,5.0,1250.0,19.0,0.0,0.0,0.462166624577994
139,2.0,2.0,500.0,11.0,0.0,0.0,0.6055324577555028
140,2.0,9.0,2250.0,74.0,0.0,0.0,0.5000000503356142
141,5.0,14.0,3500.0,86.0,0.0,0.0,0.5000001751618925
142,4.0,3.0,750.0,16.0,0.0,0.0,0.5825701958286833
143,4.0,3.0,750.0,16.0,0.0,0.0,0.5825701958286833
144,4.0,2.0,500.0,9.0,1.0,0.0,0.6224593156395959
145,4.0,3.0,750.0,16.0,1.0,0.0,0.5825701958286833
146,6.0,3.0,750.0,14.0,0.0,0.0,0.4999998743303307
147,2.0,2.0,500.0,11.0,0.0,0.0,0.6055324577555028
148,2.0,2.0,500.0,11.0,1.0,0.0,0.6055324577555028
149,2.0,2.0,500.0,11.0,0.0,0.0,0.6055324577555028
150,2.0,7.0,1750.0,58.0,1.0,1.0,0.7310582565459126
151,4.0,6.0,1500.0,39.0,0.0,1.0,0.6683078657877674
152,4.0,11.0,2750.0,78.0,0.0,0.0,0.4999999923609181
153,2.0,1.0,250.0,2.0,1.0,0.0,0.5553280553170064
154,2.0,1.0,250.0,2.0,0.0,0.0,0.5553280553170064
155,2.0,1.0,250.0,2.0,0.0,0.0,0.5553280553170064
156,2.0,1.0,250.0,2.0,0.0,0.0,0.5553280553170064
157,2.0,1.0,250.0,2.0,0.0,0.0,0.5553280553170064
158,2.0,1.0,250.0,2.0,0.0,0.0,0.5553280553170064
159,2.0,1.0,250.0,2.0,0.0,0.0,0.5553280553170064
160,2.0,1.0,250.0,2.0,0.0,0.0,0.5553280553170064
161,2.0,1.0,250.0,2.0,0.0,0.0,0.5553280553170064
162,2.0,1.0,250.0,2.0,0.0,0.0,0.5553280553170064
163,2.0,1.0,250.0,2.0,1.0,0.0,0.5553280553170064
164,2.0,1.0,250.0,2.0,1.0,0.0,0.5553280553170064
165,2.0,1.0,250.0,2.0,1.0,0.0,0.5553280553170064
166,2.0,1.0,250.0,2.0,0.0,0.0,0.5553280553170064
167,2.0,1.0,250.0,2.0,0.0,0.0,0.5553280553170064
168,2.0,1.0,250.0,2.0,0.0,0.0,0.5553280553170064
169,2.0,1.0,250.0,2.0,0.0,0.0,0.5553280553170064
170,2.0,1.0,250.0,2.0,0.0,0.0,0.5553280553170064
171,2.0,1.0,250.0,2.0,0.0,0.0,0.5553280553170064
172,2.0,1.0,250.0,2.0,0.0,0.0,0.5553280553170064
173,2.0,1.0,250.0,2.0,0.0,0.0,0.5553280553170064
174,2.0,1.0,250.0,2.0,0.0,0.0,0.5553280553170064
175,11.0,10.0,2500.0,35.0,0.0,0.0,0.499999889712912
176,11.0,4.0,1000.0,16.0,1.0,0.0,0.511589176064098
177,4.0,5.0,1250.0,33.0,1.0,1.0,0.7310581675265114
178,4.0,6.0,1500.0,41.0,1.0,0.0,0.2810574074024007
179,2.0,3.0,750.0,22.0,0.0,0.0,0.4999997557199748
180,4.0,4.0,1000.0,26.0,1.0,0.0,0.6224592490846121
181,10.0,4.0,1000.0,16.0,0.0,0.0,0.4811182547937231
182,2.0,4.0,1000.0,35.0,0.0,0.0,0.49999997314491074
183,4.0,12.0,3000.0,88.0,0.0,0.0,0.5000000332481226
184,13.0,8.0,2000.0,26.0,0.0,0.0,0.5000000996028513
185,11.0,9.0,2250.0,33.0,0.0,0.0,0.386425911008555
186,4.0,5.0,1250.0,34.0,0.0,1.0,0.8047781010642904
187,4.0,4.0,1000.0,26.0,0.0,0.0,0.6224592490846121
188,8.0,15.0,3750.0,77.0,0.0,0.0,0.5000000113409688
189,4.0,5.0,1250.0,35.0,1.0,1.0,0.7310581838560708
190,4.0,7.0,1750.0,52.0,0.0,0.0,0.5000000066790649
191,4.0,7.0,1750.0,52.0,0.0,0.0,0.5000000066790649
192,2.0,4.0,1000.0,35.0,0.0,0.0,0.49999997314491074
193,11.0,11.0,2750.0,42.0,0.0,0.0,0.44054452735349114
194,2.0,2.0,500.0,14.0,0.0,0.0,0.49999992904152674
195,2.0,5.0,1250.0,47.0,1.0,1.0,0.7310582676818389
196,9.0,8.0,2000.0,38.0,1.0,1.0,0.731058143185656
197,4.0,6.0,1500.0,47.0,0.0,0.0,0.4999996562305514
198,11.0,7.0,1750.0,29.0,0.0,0.0,0.49999991442377234
199,9.0,9.0,2250.0,45.0,0.0,0.0,0.499999930511285
200,4.0,6.0,1500.0,52.0,0.0,0.0,0.4999999865794488
201,4.0,7.0,1750.0,58.0,0.0,0.0,0.5000000338223106
202,6.0,2.0,500.0,11.0,1.0,0.0,0.45059383051598506
203,4.0,7.0,1750.0,58.0,0.0,0.0,0.5000000338223106
204,11.0,9.0,2250.0,38.0,0.0,0.0,0.4999997922275878
205,11.0,6.0,1500.0,26.0,0.0,0.0,0.5000000400358762
206,2.0,2.0,500.0,16.0,0.0,0.0,0.4999999347095436
207,2.0,7.0,1750.0,76.0,0.0,0.0,0.4771875497285267
208,11.0,6.0,1500.0,27.0,0.0,0.0,0.548207842352914
209,11.0,3.0,750.0,14.0,0.0,0.0,0.49999946368368636
210,4.0,1.0,250.0,4.0,0.0,0.0,0.5498339979753267
211,4.0,1.0,250.0,4.0,0.0,0.0,0.5498339979753267
212,4.0,1.0,250.0,4.0,0.0,0.0,0.5498339979753267
213,4.0,1.0,250.0,4.0,0.0,0.0,0.5498339979753267
214,4.0,1.0,250.0,4.0,0.0,0.0,0.5498339979753267
215,4.0,1.0,250.0,4.0,1.0,0.0,0.5498339979753267
216,4.0,1.0,250.0,4.0,0.0,0.0,0.5498339979753267
217,4.0,1.0,250.0,4.0,0.0,0.0,0.5498339979753267
218,4.0,1.0,250.0,4.0,0.0,0.0,0.5498339979753267
219,4.0,1.0,250.0,4.0,0.0,0.0,0.5498339979753267
220,4.0,1.0,250.0,4.0,0.0,0.0,0.5498339979753267
221,4.0,1.0,250.0,4.0,1.0,0.0,0.5498339979753267
222,4.0,1.0,250.0,4.0,1.0,0.0,0.5498339979753267
223,4.0,1.0,250.0,4.0,0.0,0.0,0.5498339979753267
224,4.0,1.0,250.0,4.0,1.0,0.0,0.5498339979753267
225,4.0,1.0,250.0,4.0,1.0,0.0,0.5498339979753267
226,4.0,1.0,250.0,4.0,0.0,0.0,0.5498339979753267
227,4.0,3.0,750.0,24.0,0.0,0.0,0.5000004476748553
228,4.0,1.0,250.0,4.0,0.0,0.0,0.5498339979753267
229,4.0,1.0,250.0,4.0,0.0,0.0,0.5498339979753267
230,4.0,1.0,250.0,4.0,0.0,0.0,0.5498339979753267
231,4.0,1.0,250.0,4.0,1.0,0.0,0.5498339979753267
232,4.0,1.0,250.0,4.0,0.0,0.0,0.5498339979753267
233,10.0,8.0,2000.0,39.0,0.0,0.0,0.4999996276452802
234,14.0,7.0,1750.0,26.0,0.0,0.0,0.5000000757280728
235,8.0,10.0,2500.0,63.0,0.0,0.0,0.4999999281033659
236,11.0,3.0,750.0,15.0,0.0,0.0,0.5000005652809941
237,4.0,2.0,500.0,14.0,0.0,0.0,0.549033548131785
238,2.0,4.0,1000.0,43.0,0.0,0.0,0.500000111968808
239,8.0,9.0,2250.0,58.0,0.0,0.0,0.4999999827877348
240,8.0,8.0,2000.0,52.0,1.0,1.0,0.7310584614281638
241,11.0,22.0,5500.0,98.0,0.0,0.0,0.49999997090055087
242,4.0,3.0,750.0,25.0,1.0,1.0,0.7310573239991052
243,11.0,17.0,4250.0,79.0,1.0,1.0,0.7310583399914764
244,9.0,2.0,500.0,11.0,0.0,0.0,0.499999887582217
245,4.0,5.0,1250.0,46.0,0.0,0.0,0.500000183951845
246,11.0,12.0,3000.0,58.0,0.0,0.0,0.49999997257613343
247,7.0,12.0,3000.0,86.0,0.0,0.0,0.5000000804721005
248,11.0,2.0,500.0,11.0,0.0,0.0,0.5000000307507336
249,11.0,2.0,500.0,11.0,0.0,0.0,0.5000000307507336
250,11.0,2.0,500.0,11.0,0.0,0.0,0.5000000307507336
251,2.0,6.0,1500.0,75.0,0.0,0.0,0.4999998773456621
252,11.0,8.0,2000.0,41.0,1.0,1.0,0.7310578243268504
253,11.0,3.0,750.0,16.0,1.0,0.0,0.44979010097877664
254,12.0,13.0,3250.0,59.0,0.0,0.0,0.4999999028399589
255,2.0,3.0,750.0,35.0,0.0,0.0,0.40767194422352093
256,16.0,8.0,2000.0,28.0,0.0,0.0,0.5000001488939773
257,11.0,7.0,1750.0,37.0,0.0,0.0,0.5000000901961748
258,4.0,3.0,750.0,28.0,0.0,0.0,0.49999964799571295
259,12.0,12.0,3000.0,58.0,0.0,0.0,0.5000000304755873
260,4.0,4.0,1000.0,41.0,0.0,0.0,0.49999993444023144
261,11.0,14.0,3500.0,73.0,1.0,1.0,0.7310583462713017
262,2.0,2.0,500.0,23.0,0.0,0.0,0.5000003053169543
263,2.0,3.0,750.0,38.0,1.0,0.0,0.3547622734555715
264,4.0,5.0,1250.0,58.0,0.0,0.0,0.5000000127529056
265,4.0,4.0,1000.0,43.0,1.0,1.0,0.7310582901971929
266,3.0,2.0,500.0,23.0,0.0,0.0,0.47881900904592045
267,11.0,8.0,2000.0,46.0,0.0,0.0,0.4999999362887174
268,4.0,7.0,1750.0,82.0,0.0,0.0,0.5000000893122738
269,13.0,4.0,1000.0,21.0,0.0,0.0,0.4999998663027081
270,16.0,11.0,2750.0,40.0,0.0,0.0,0.500000069027438
271,16.0,7.0,1750.0,28.0,0.0,0.0,0.5335951511873025
272,7.0,2.0,500.0,16.0,0.0,0.0,0.49999994810988707
273,4.0,5.0,1250.0,58.0,0.0,0.0,0.5000000127529056
274,4.0,5.0,1250.0,58.0,0.0,0.0,0.5000000127529056
275,4.0,4.0,1000.0,46.0,0.0,0.0,0.4999997321041235
276,14.0,13.0,3250.0,57.0,0.0,0.0,0.5537078277541301
277,4.0,3.0,750.0,34.0,0.0,0.0,0.5000001229724179
278,14.0,18.0,4500.0,78.0,0.0,0.0,0.488158448531703
279,11.0,8.0,2000.0,48.0,0.0,0.0,0.49999973088539834
280,14.0,16.0,4000.0,70.0,0.0,0.0,0.49999993267128245
281,14.0,4.0,1000.0,22.0,1.0,1.0,0.7310585144798474
282,14.0,5.0,1250.0,26.0,0.0,0.0,0.4999998778283462
283,8.0,2.0,500.0,16.0,0.0,0.0,0.5000000407312063
284,11.0,5.0,1250.0,33.0,0.0,0.0,0.4999996536314649
285,11.0,2.0,500.0,14.0,0.0,0.0,0.46397603813728583
286,4.0,2.0,500.0,23.0,0.0,0.0,0.49999986396388746
287,9.0,2.0,500.0,16.0,1.0,0.0,0.47286260684305786
288,14.0,5.0,1250.0,28.0,1.0,1.0,0.7310581039353148
289,14.0,3.0,750.0,19.0,1.0,1.0,0.7310572452790969
290,14.0,4.0,1000.0,23.0,1.0,1.0,0.7310582092591005
291,16.0,12.0,3000.0,50.0,0.0,0.0,0.6093384482963556
292,11.0,4.0,1000.0,28.0,0.0,0.0,0.49999992647970365
293,11.0,5.0,1250.0,35.0,0.0,0.0,0.5000000866506427
294,11.0,5.0,1250.0,35.0,0.0,0.0,0.5000000866506427
295,2.0,4.0,1000.0,70.0,0.0,0.0,0.49999990456398113
296,14.0,5.0,1250.0,28.0,0.0,1.0,0.7310581039353148
297,14.0,2.0,500.0,14.0,0.0,0.0,0.5277492357978881
298,14.0,2.0,500.0,14.0,0.0,0.0,0.5277492357978881
299,14.0,2.0,500.0,14.0,0.0,0.0,0.5277492357978881
300,14.0,2.0,500.0,14.0,0.0,0.0,0.5277492357978881
301,14.0,2.0,500.0,14.0,0.0,0.0,0.5277492357978881
302,14.0,2.0,500.0,14.0,0.0,0.0,0.5277492357978881
303,2.0,3.0,750.0,52.0,0.0,0.0,0.49999989481573776
304,14.0,6.0,1500.0,34.0,0.0,0.0,0.5000000014992357
305,11.0,5.0,1250.0,37.0,1.0,1.0,0.7310571511952727
306,4.0,5.0,1250.0,74.0,0.0,0.0,0.4999999128416205
307,11.0,3.0,750.0,23.0,0.0,0.0,0.5000000398747475
308,16.0,4.0,1000.0,23.0,0.0,0.0,0.5000000932305669
309,16.0,3.0,750.0,19.0,0.0,0.0,0.49999984755991383
310,11.0,5.0,1250.0,38.0,0.0,0.0,0.500000394277498
311,11.0,2.0,500.0,16.0,0.0,0.0,0.5000000037573552
312,12.0,9.0,2250.0,60.0,0.0,0.0,0.4242086230571842
313,9.0,1.0,250.0,9.0,0.0,0.0,0.499999957406345
314,9.0,1.0,250.0,9.0,0.0,0.0,0.499999957406345
315,4.0,2.0,500.0,29.0,0.0,0.0,0.4999995028849997
316,11.0,2.0,500.0,17.0,0.0,0.0,0.5000000275251978
317,14.0,4.0,1000.0,26.0,0.0,0.0,0.4999997066310176
318,11.0,9.0,2250.0,72.0,1.0,1.0,0.7310584542614499
319,11.0,5.0,1250.0,41.0,0.0,0.0,0.5000001776939518
320,15.0,16.0,4000.0,82.0,0.0,0.0,0.5000000116233997
321,9.0,5.0,1250.0,51.0,1.0,1.0,0.7310581162457916
322,11.0,4.0,1000.0,34.0,0.0,0.0,0.5000001514099724
323,14.0,8.0,2000.0,50.0,1.0,1.0,0.671834740151237
324,16.0,7.0,1750.0,38.0,0.0,0.0,0.49999991451998244
325,14.0,2.0,500.0,16.0,0.0,0.0,0.4999998621367541
326,2.0,2.0,500.0,41.0,0.0,0.0,0.5000000072022441
327,14.0,16.0,4000.0,98.0,0.0,0.0,0.49999991670729105
328,14.0,4.0,1000.0,28.0,1.0,0.0,0.48524858768450235
329,16.0,7.0,1750.0,39.0,0.0,0.0,0.5424246700046197
330,14.0,7.0,1750.0,47.0,0.0,0.0,0.5000000323905514
331,16.0,6.0,1500.0,35.0,0.0,1.0,0.7310583689122112
332,16.0,6.0,1500.0,35.0,1.0,1.0,0.7310583689122112
333,11.0,7.0,1750.0,62.0,1.0,1.0,0.7310582937886854
334,16.0,2.0,500.0,16.0,0.0,0.0,0.49999986495363374
335,16.0,3.0,750.0,21.0,1.0,1.0,0.7310577515847033
336,11.0,3.0,750.0,28.0,0.0,0.0,0.5000002624587843
337,11.0,7.0,1750.0,64.0,0.0,0.0,0.4999999938501533
338,11.0,1.0,250.0,11.0,1.0,0.0,0.5227116272388191
339,9.0,3.0,750.0,34.0,0.0,0.0,0.5000000598314267
340,14.0,4.0,1000.0,30.0,0.0,0.0,0.42251115535493156
341,23.0,38.0,9500.0,98.0,0.0,0.0,0.5000000702568339
342,11.0,6.0,1500.0,58.0,0.0,0.0,0.49999990662631766
343,11.0,1.0,250.0,11.0,0.0,0.0,0.5227116272388191
344,11.0,1.0,250.0,11.0,0.0,0.0,0.5227116272388191
345,11.0,1.0,250.0,11.0,0.0,0.0,0.5227116272388191
346,11.0,1.0,250.0,11.0,0.0,0.0,0.5227116272388191
347,11.0,1.0,250.0,11.0,0.0,0.0,0.5227116272388191
348,11.0,1.0,250.0,11.0,0.0,0.0,0.5227116272388191
349,11.0,1.0,250.0,11.0,0.0,0.0,0.5227116272388191
350,11.0,1.0,250.0,11.0,0.0,0.0,0.5227116272388191
351,11.0,2.0,500.0,21.0,0.0,0.0,0.49999997124645945
352,11.0,5.0,1250.0,50.0,0.0,0.0,0.5000001251855866
353,11.0,2.0,500.0,21.0,0.0,0.0,0.49999997124645945
354,16.0,4.0,1000.0,28.0,0.0,0.0,0.4999998391854248
355,4.0,2.0,500.0,41.0,0.0,0.0,0.5000000285590616
356,16.0,6.0,1500.0,40.0,0.0,1.0,0.6443173900063728
357,14.0,3.0,750.0,26.0,0.0,0.0,0.49999994199652914
358,9.0,2.0,500.0,26.0,0.0,0.0,0.44245350776640524
359,21.0,16.0,4000.0,64.0,0.0,0.0,0.5000000085470285
360,14.0,6.0,1500.0,51.0,0.0,0.0,0.49999982401901355
361,11.0,2.0,500.0,24.0,0.0,0.0,0.5361308355050157
362,4.0,3.0,750.0,71.0,0.0,0.0,0.5000000565081637
363,21.0,13.0,3250.0,57.0,0.0,0.0,0.5000000289330295
364,11.0,6.0,1500.0,71.0,0.0,0.0,0.49999993456187364
365,14.0,2.0,500.0,21.0,1.0,1.0,0.7310582535162683
366,23.0,15.0,3750.0,57.0,0.0,0.0,0.513704441769251
367,14.0,4.0,1000.0,38.0,0.0,0.0,0.499999708041082
368,11.0,2.0,500.0,26.0,0.0,0.0,0.4999999034553686
369,16.0,5.0,1250.0,40.0,1.0,1.0,0.7310584366390843
370,4.0,2.0,500.0,51.0,1.0,0.0,0.49189070182519673
371,14.0,3.0,750.0,31.0,0.0,0.0,0.49999997733200335
372,4.0,2.0,500.0,52.0,0.0,0.0,0.4999999438853952
373,9.0,4.0,1000.0,65.0,0.0,0.0,0.4999999746169988
374,14.0,4.0,1000.0,40.0,0.0,0.0,0.49999993577549723
375,11.0,3.0,750.0,40.0,1.0,1.0,0.731058216690937
376,14.0,5.0,1250.0,50.0,0.0,0.0,0.4999998930436669
377,14.0,1.0,250.0,14.0,0.0,0.0,0.5000000004953468
378,14.0,1.0,250.0,14.0,0.0,0.0,0.5000000004953468
379,14.0,1.0,250.0,14.0,0.0,0.0,0.5000000004953468
380,14.0,1.0,250.0,14.0,0.0,0.0,0.5000000004953468
381,14.0,1.0,250.0,14.0,0.0,0.0,0.5000000004953468
382,14.0,1.0,250.0,14.0,0.0,0.0,0.5000000004953468
383,14.0,1.0,250.0,14.0,0.0,0.0,0.5000000004953468
384,14.0,1.0,250.0,14.0,0.0,0.0,0.5000000004953468
385,14.0,7.0,1750.0,72.0,0.0,0.0,0.5274804561431564
386,14.0,1.0,250.0,14.0,0.0,0.0,0.5000000004953468
387,14.0,1.0,250.0,14.0,0.0,0.0,0.5000000004953468
388,9.0,3.0,750.0,52.0,0.0,1.0,0.6289435332167045
389,14.0,7.0,1750.0,73.0,0.0,0.0,0.49999989721847876
390,11.0,4.0,1000.0,58.0,0.0,0.0,0.5000001019237208
391,11.0,4.0,1000.0,59.0,0.0,0.0,0.5000001106392662
392,4.0,2.0,500.0,59.0,0.0,0.0,0.4999998105086919
393,11.0,4.0,1000.0,61.0,0.0,0.0,0.5000000716876257
394,16.0,4.0,1000.0,40.0,0.0,0.0,0.4999998409244868
395,16.0,10.0,2500.0,89.0,0.0,0.0,0.49999995886039356
396,21.0,2.0,500.0,21.0,1.0,0.0,0.4999998716886241
397,21.0,3.0,750.0,26.0,0.0,0.0,0.6224592133782222
398,16.0,8.0,2000.0,76.0,0.0,0.0,0.49999985776330697
399,21.0,3.0,750.0,26.0,1.0,0.0,0.6224592133782222
400,18.0,2.0,500.0,23.0,0.0,0.0,0.39696959296947504
401,23.0,5.0,1250.0,33.0,0.0,0.0,0.5297159204907875
402,23.0,8.0,2000.0,46.0,0.0,0.0,0.4999999390025839
403,16.0,3.0,750.0,34.0,0.0,0.0,0.5000000387448443
404,14.0,5.0,1250.0,64.0,0.0,0.0,0.49999989197683115
405,14.0,3.0,750.0,41.0,0.0,0.0,0.4999997800667509
406,16.0,1.0,250.0,16.0,0.0,0.0,0.5000000030455521
407,16.0,1.0,250.0,16.0,0.0,0.0,0.5000000030455521
408,16.0,1.0,250.0,16.0,0.0,0.0,0.5000000030455521
409,16.0,1.0,250.0,16.0,0.0,0.0,0.5000000030455521
410,16.0,1.0,250.0,16.0,0.0,0.0,0.5000000030455521
411,16.0,1.0,250.0,16.0,0.0,0.0,0.5000000030455521
412,16.0,1.0,250.0,16.0,0.0,0.0,0.5000000030455521
413,16.0,4.0,1000.0,45.0,0.0,0.0,0.5000000568344146
414,16.0,1.0,250.0,16.0,0.0,0.0,0.5000000030455521
415,16.0,1.0,250.0,16.0,0.0,0.0,0.5000000030455521
416,16.0,1.0,250.0,16.0,0.0,0.0,0.5000000030455521
417,16.0,1.0,250.0,16.0,0.0,0.0,0.5000000030455521
418,16.0,1.0,250.0,16.0,0.0,0.0,0.5000000030455521
419,16.0,2.0,500.0,26.0,0.0,0.0,0.5000001148061257
420,21.0,2.0,500.0,23.0,0.0,0.0,0.5000000093094668
421,16.0,2.0,500.0,27.0,0.0,0.0,0.49999997970846605
422,21.0,2.0,500.0,23.0,0.0,0.0,0.5000000093094668
423,21.0,2.0,500.0,23.0,0.0,0.0,0.5000000093094668
424,14.0,4.0,1000.0,57.0,0.0,0.0,0.49999971795765086
425,16.0,5.0,1250.0,60.0,0.0,0.0,0.5000000031957975
426,23.0,2.0,500.0,23.0,0.0,0.0,0.4999999902744771
427,14.0,5.0,1250.0,74.0,0.0,0.0,0.4676955563816486
428,23.0,3.0,750.0,28.0,0.0,0.0,0.49999990048754467
429,16.0,3.0,750.0,40.0,0.0,0.0,0.4938414102896862
430,9.0,2.0,500.0,52.0,0.0,0.0,0.5000000503495176
431,9.0,2.0,500.0,52.0,0.0,0.0,0.5000000503495176
432,16.0,7.0,1750.0,87.0,1.0,1.0,0.7310583718645344
433,14.0,4.0,1000.0,64.0,0.0,0.0,0.5000000596290118
434,14.0,2.0,500.0,35.0,0.0,1.0,0.6224593337631678
435,16.0,7.0,1750.0,93.0,0.0,0.0,0.4999999504494683
436,21.0,2.0,500.0,25.0,0.0,0.0,0.4732423387762834
437,14.0,3.0,750.0,52.0,0.0,0.0,0.5000000922088564
438,23.0,14.0,3500.0,93.0,0.0,0.0,0.5000001282090788
439,18.0,8.0,2000.0,95.0,0.0,0.0,0.3451271264662281
440,16.0,3.0,750.0,46.0,0.0,0.0,0.5000000659849634
441,11.0,3.0,750.0,76.0,0.0,0.0,0.5000000336245922
442,11.0,2.0,500.0,52.0,0.0,0.0,0.5000000890802971
443,11.0,3.0,750.0,76.0,0.0,0.0,0.5000000336245922
444,23.0,12.0,3000.0,86.0,0.0,0.0,0.49999998961005876
445,21.0,3.0,750.0,35.0,0.0,0.0,0.4999999866502375
446,23.0,2.0,500.0,26.0,0.0,0.0,0.5000000694682394
447,23.0,2.0,500.0,26.0,0.0,0.0,0.5000000694682394
448,23.0,8.0,2000.0,64.0,0.0,0.0,0.49999986652322903
449,16.0,3.0,750.0,50.0,0.0,0.0,0.49999986616429465
450,23.0,3.0,750.0,33.0,0.0,0.0,0.49999994249451446
451,21.0,3.0,750.0,38.0,0.0,0.0,0.5000000059539235
452,23.0,2.0,500.0,28.0,0.0,0.0,0.5000001394040279
453,21.0,1.0,250.0,21.0,0.0,0.0,0.5208212881330032
454,21.0,1.0,250.0,21.0,0.0,0.0,0.5208212881330032
455,21.0,1.0,250.0,21.0,0.0,0.0,0.5208212881330032
456,21.0,1.0,250.0,21.0,0.0,0.0,0.5208212881330032
457,21.0,1.0,250.0,21.0,0.0,0.0,0.5208212881330032
458,21.0,1.0,250.0,21.0,0.0,0.0,0.5208212881330032
459,21.0,1.0,250.0,21.0,0.0,0.0,0.5208212881330032
460,21.0,1.0,250.0,21.0,0.0,0.0,0.5208212881330032
461,21.0,1.0,250.0,21.0,0.0,0.0,0.5208212881330032
462,21.0,1.0,250.0,21.0,1.0,0.0,0.5208212881330032
463,21.0,1.0,250.0,21.0,0.0,0.0,0.5208212881330032
464,21.0,1.0,250.0,21.0,0.0,0.0,0.5208212881330032
465,21.0,5.0,1250.0,60.0,0.0,0.0,0.4999999800280809
466,23.0,4.0,1000.0,45.0,0.0,0.0,0.4260407553791315
467,21.0,4.0,1000.0,52.0,0.0,0.0,0.5316659408650386
468,22.0,1.0,250.0,22.0,1.0,0.0,0.5596079963755174
469,11.0,2.0,500.0,70.0,0.0,0.0,0.5000000065771739
470,23.0,5.0,1250.0,58.0,0.0,0.0,0.5000000200854091
471,23.0,3.0,750.0,40.0,0.0,0.0,0.47170473619772885
472,23.0,3.0,750.0,41.0,0.0,0.0,0.4409075614315932
473,14.0,3.0,750.0,83.0,0.0,0.0,0.42725445203179685
474,21.0,2.0,500.0,35.0,0.0,0.0,0.5000000395580083
475,26.0,5.0,1250.0,49.0,1.0,1.0,0.7310583184365251
476,23.0,6.0,1500.0,70.0,0.0,0.0,0.5000000254763383
477,23.0,1.0,250.0,23.0,0.0,0.0,0.5208212924935932
478,23.0,1.0,250.0,23.0,0.0,0.0,0.5208212924935932
479,23.0,1.0,250.0,23.0,0.0,0.0,0.5208212924935932
480,23.0,1.0,250.0,23.0,0.0,0.0,0.5208212924935932
481,23.0,1.0,250.0,23.0,0.0,0.0,0.5208212924935932
482,23.0,1.0,250.0,23.0,0.0,0.0,0.5208212924935932
483,23.0,1.0,250.0,23.0,0.0,0.0,0.5208212924935932
484,23.0,1.0,250.0,23.0,0.0,0.0,0.5208212924935932
485,23.0,4.0,1000.0,53.0,0.0,0.0,0.5000000873493184
486,21.0,6.0,1500.0,86.0,0.0,0.0,0.5000000182866622
487,23.0,3.0,750.0,48.0,0.0,0.0,0.4999999973119774
488,21.0,2.0,500.0,41.0,0.0,0.0,0.4999999846402421
489,21.0,3.0,750.0,64.0,0.0,0.0,0.49999997124606643
490,16.0,2.0,500.0,70.0,0.0,0.0,0.500000154344391
491,21.0,3.0,750.0,70.0,0.0,0.0,0.5779826901334217
492,23.0,4.0,1000.0,87.0,0.0,0.0,0.5000000614872242
493,23.0,3.0,750.0,89.0,0.0,0.0,0.4599944373486234
494,23.0,2.0,500.0,87.0,0.0,0.0,0.5000000677318482
495,35.0,3.0,750.0,64.0,0.0,0.0,0.5000000283763993
496,38.0,1.0,250.0,38.0,0.0,0.0,0.5000000678962431
497,38.0,1.0,250.0,38.0,0.0,0.0,0.5000000678962431
498,40.0,1.0,250.0,40.0,0.0,0.0,0.5000000594843064
499,74.0,1.0,250.0,74.0,0.0,0.0,0.5000000621533943
500,2.0,43.0,10750.0,86.0,1.0,1.0,0.7310583034050686
501,6.0,22.0,5500.0,28.0,1.0,1.0,0.7310584323695788
502,2.0,34.0,8500.0,77.0,1.0,1.0,0.7310584165922356
503,2.0,44.0,11000.0,98.0,0.0,0.0,0.496763989439464
504,0.0,26.0,6500.0,76.0,1.0,1.0,0.7310583855323621
505,2.0,41.0,10250.0,98.0,1.0,1.0,0.7310583607659269
506,3.0,21.0,5250.0,42.0,1.0,0.0,0.46328189826506666
507,2.0,11.0,2750.0,23.0,0.0,0.0,0.499999952019112
508,2.0,21.0,5250.0,52.0,1.0,0.0,0.46689509909933535
509,2.0,13.0,3250.0,32.0,1.0,1.0,0.731058413198585
510,4.0,4.0,1000.0,4.0,1.0,0.0,0.6224592276427984
511,2.0,11.0,2750.0,26.0,0.0,0.0,0.44184008560726407
512,2.0,11.0,2750.0,28.0,0.0,0.0,0.5638418572233498
513,3.0,14.0,3500.0,35.0,0.0,0.0,0.4773513442793763
514,4.0,16.0,4000.0,38.0,1.0,1.0,0.7310582676404563
515,4.0,6.0,1500.0,14.0,0.0,0.0,0.5000001310371641
516,3.0,5.0,1250.0,12.0,1.0,1.0,0.731057976664764
517,4.0,33.0,8250.0,98.0,1.0,1.0,0.7310583183862749
518,3.0,10.0,2500.0,33.0,1.0,0.0,0.5143575720103669
519,4.0,10.0,2500.0,28.0,1.0,1.0,0.731058486154586
520,2.0,11.0,2750.0,40.0,1.0,0.0,0.6176789711323852
521,2.0,11.0,2750.0,41.0,1.0,1.0,0.7310584624735215
522,4.0,13.0,3250.0,39.0,1.0,1.0,0.7310582380577506
523,1.0,10.0,2500.0,43.0,1.0,1.0,0.7310582801825686
524,4.0,9.0,2250.0,28.0,0.0,0.0,0.6224593078424443
525,2.0,4.0,1000.0,11.0,0.0,0.0,0.49999951681664734
526,2.0,5.0,1250.0,16.0,1.0,1.0,0.6607564504224311
527,2.0,15.0,3750.0,64.0,0.0,0.0,0.49999997335903
528,5.0,24.0,6000.0,79.0,0.0,0.0,0.5000000880432444
529,2.0,6.0,1500.0,22.0,1.0,0.0,0.6224591682968472
530,4.0,5.0,1250.0,16.0,1.0,1.0,0.7310584679595
531,2.0,4.0,1000.0,14.0,1.0,1.0,0.7310584380383661
532,4.0,8.0,2000.0,28.0,0.0,0.0,0.5000001156416081
533,2.0,4.0,1000.0,14.0,0.0,1.0,0.7310584380383661
534,2.0,6.0,1500.0,26.0,0.0,0.0,0.6224591438918178
535,4.0,5.0,1250.0,16.0,1.0,1.0,0.7310584679595
536,2.0,7.0,1750.0,32.0,1.0,1.0,0.7310576645202645
537,2.0,6.0,1500.0,26.0,1.0,0.0,0.6224591438918178
538,2.0,8.0,2000.0,38.0,1.0,1.0,0.7310580229780179
539,2.0,2.0,500.0,4.0,1.0,0.0,0.62245932807089
540,2.0,6.0,1500.0,28.0,1.0,1.0,0.6607561942253656
541,2.0,10.0,2500.0,52.0,0.0,0.0,0.5000001707516362
542,4.0,16.0,4000.0,70.0,1.0,1.0,0.7310584186193714
543,4.0,2.0,500.0,4.0,1.0,0.0,0.570946603345158
544,1.0,14.0,3500.0,95.0,0.0,0.0,0.5712835294430063
545,4.0,2.0,500.0,4.0,1.0,0.0,0.570946603345158
546,7.0,14.0,3500.0,48.0,0.0,0.0,0.4062912780437908
547,2.0,3.0,750.0,11.0,0.0,0.0,0.4999999422180268
548,2.0,12.0,3000.0,70.0,1.0,1.0,0.7310584239831318
549,4.0,7.0,1750.0,32.0,1.0,1.0,0.7310586578197629
550,4.0,4.0,1000.0,16.0,0.0,0.0,0.3278275869652683
551,2.0,6.0,1500.0,35.0,1.0,1.0,0.7310581248152093
552,4.0,6.0,1500.0,28.0,1.0,1.0,0.7310573929057899
553,2.0,3.0,750.0,14.0,0.0,0.0,0.49999986415744074
554,2.0,4.0,1000.0,23.0,0.0,0.0,0.49999965319266254
555,4.0,4.0,1000.0,18.0,0.0,0.0,0.4999995005796052
556,5.0,6.0,1500.0,28.0,0.0,0.0,0.500001345573464
557,4.0,6.0,1500.0,30.0,0.0,0.0,0.49999880623169357
558,14.0,5.0,1250.0,14.0,0.0,0.0,0.49999993315993735
559,3.0,8.0,2000.0,50.0,0.0,0.0,0.5000002030740801
560,4.0,11.0,2750.0,64.0,1.0,1.0,0.731058214153963
561,4.0,9.0,2250.0,52.0,0.0,0.0,0.43287197912537567
562,4.0,16.0,4000.0,98.0,1.0,1.0,0.7310583174866954
563,7.0,10.0,2500.0,47.0,0.0,0.0,0.49999998533501255
564,4.0,14.0,3500.0,86.0,0.0,0.0,0.4999998480512041
565,2.0,9.0,2250.0,75.0,0.0,0.0,0.5000000034736468
566,4.0,6.0,1500.0,35.0,0.0,0.0,0.6224590356642382
567,4.0,9.0,2250.0,55.0,0.0,0.0,0.5000001295171349
568,4.0,6.0,1500.0,35.0,1.0,0.0,0.6224590356642382
569,2.0,6.0,1500.0,45.0,0.0,0.0,0.4999998960478547
570,2.0,6.0,1500.0,47.0,0.0,0.0,0.5000000138727178
571,4.0,2.0,500.0,9.0,0.0,0.0,0.6224593156395959
572,2.0,2.0,500.0,11.0,1.0,0.0,0.6055324577555028
573,2.0,2.0,500.0,11.0,0.0,0.0,0.6055324577555028
574,2.0,2.0,500.0,11.0,1.0,0.0,0.6055324577555028
575,4.0,6.0,1500.0,38.0,1.0,1.0,0.7310579749698981
576,3.0,4.0,1000.0,29.0,1.0,0.0,0.48023888004494547
577,9.0,9.0,2250.0,38.0,0.0,0.0,0.500000117980141
578,11.0,5.0,1250.0,18.0,0.0,0.0,0.5000002798836646
579,2.0,3.0,750.0,21.0,0.0,0.0,0.5000001991864913
580,2.0,1.0,250.0,2.0,0.0,0.0,0.5553280553170064
581,2.0,1.0,250.0,2.0,1.0,0.0,0.5553280553170064
582,2.0,1.0,250.0,2.0,0.0,0.0,0.5553280553170064
583,2.0,1.0,250.0,2.0,0.0,0.0,0.5553280553170064
584,2.0,1.0,250.0,2.0,0.0,0.0,0.5553280553170064
585,2.0,1.0,250.0,2.0,0.0,0.0,0.5553280553170064
586,2.0,1.0,250.0,2.0,1.0,0.0,0.5553280553170064
587,2.0,1.0,250.0,2.0,0.0,0.0,0.5553280553170064
588,2.0,1.0,250.0,2.0,0.0,0.0,0.5553280553170064
589,2.0,1.0,250.0,2.0,0.0,0.0,0.5553280553170064
590,2.0,1.0,250.0,2.0,0.0,0.0,0.5553280553170064
591,11.0,11.0,2750.0,38.0,0.0,0.0,0.49999990836953695
592,2.0,3.0,750.0,22.0,0.0,0.0,0.4999997557199748
593,9.0,11.0,2750.0,49.0,1.0,1.0,0.7310583669341493
594,5.0,11.0,2750.0,75.0,0.0,0.0,0.4999999401554545
595,3.0,5.0,1250.0,38.0,0.0,0.0,0.4999999834573995
596,3.0,1.0,250.0,3.0,1.0,1.0,0.7310583305231285
597,4.0,6.0,1500.0,43.0,0.0,0.0,0.49999959998149796
598,2.0,3.0,750.0,24.0,0.0,0.0,0.49999929699065004
599,12.0,11.0,2750.0,39.0,0.0,0.0,0.4999999397396106
600,2.0,2.0,500.0,14.0,0.0,0.0,0.49999992904152674
601,4.0,6.0,1500.0,46.0,0.0,0.0,0.5000001763555597
602,9.0,3.0,750.0,14.0,0.0,0.0,0.4999997872168381
603,14.0,8.0,2000.0,26.0,0.0,0.0,0.5000001238533981
604,4.0,2.0,500.0,13.0,0.0,0.0,0.49999988872258105
605,4.0,11.0,2750.0,95.0,0.0,0.0,0.5000000379586615
606,2.0,7.0,1750.0,77.0,0.0,0.0,0.4999999852032342
607,2.0,7.0,1750.0,77.0,0.0,0.0,0.4999999852032342
608,4.0,1.0,250.0,4.0,0.0,0.0,0.5498339979753267
609,4.0,1.0,250.0,4.0,0.0,0.0,0.5498339979753267
610,4.0,1.0,250.0,4.0,0.0,0.0,0.5498339979753267
611,4.0,1.0,250.0,4.0,0.0,0.0,0.5498339979753267
612,4.0,1.0,250.0,4.0,1.0,0.0,0.5498339979753267
613,4.0,1.0,250.0,4.0,0.0,0.0,0.5498339979753267
614,4.0,1.0,250.0,4.0,0.0,0.0,0.5498339979753267
615,4.0,1.0,250.0,4.0,0.0,0.0,0.5498339979753267
616,4.0,1.0,250.0,4.0,0.0,0.0,0.5498339979753267
617,4.0,1.0,250.0,4.0,0.0,0.0,0.5498339979753267
618,4.0,1.0,250.0,4.0,1.0,0.0,0.5498339979753267
619,4.0,1.0,250.0,4.0,0.0,0.0,0.5498339979753267
620,4.0,7.0,1750.0,62.0,0.0,0.0,0.4999999915626277
621,4.0,1.0,250.0,4.0,0.0,0.0,0.5498339979753267
622,4.0,4.0,1000.0,34.0,1.0,1.0,0.7310583630901757
623,11.0,6.0,1500.0,28.0,0.0,0.0,0.5000000558815322
624,13.0,3.0,750.0,14.0,1.0,1.0,0.7310580818499799
625,7.0,5.0,1250.0,35.0,0.0,0.0,0.49999952947707915
626,9.0,9.0,2250.0,54.0,0.0,0.0,0.5000000443073098
627,11.0,2.0,500.0,11.0,0.0,0.0,0.5000000307507336
628,2.0,5.0,1250.0,63.0,0.0,0.0,0.49999997153581305
629,7.0,11.0,2750.0,89.0,0.0,0.0,0.5000000407526864
630,8.0,9.0,2250.0,64.0,0.0,0.0,0.3954712867159866
631,2.0,2.0,500.0,22.0,0.0,0.0,0.4999999272971163
632,6.0,3.0,750.0,26.0,0.0,0.0,0.49999945545712954
633,12.0,15.0,3750.0,71.0,0.0,0.0,0.5000001052746447
634,13.0,3.0,750.0,16.0,0.0,0.0,0.49999902329426493
635,11.0,16.0,4000.0,89.0,0.0,0.0,0.5000000561109362
636,4.0,5.0,1250.0,58.0,0.0,0.0,0.5000000127529056
637,14.0,7.0,1750.0,35.0,0.0,0.0,0.4999999256689884
638,11.0,4.0,1000.0,27.0,0.0,0.0,0.5000001570657444
639,7.0,9.0,2250.0,89.0,1.0,1.0,0.7310582996682419
640,11.0,8.0,2000.0,52.0,1.0,1.0,0.7310582056844352
641,7.0,5.0,1250.0,52.0,0.0,0.0,0.5000002425047476
642,11.0,6.0,1500.0,41.0,0.0,0.0,0.5296969515145058
643,10.0,5.0,1250.0,38.0,0.0,0.0,0.5000014238261558
644,14.0,2.0,500.0,14.0,1.0,0.0,0.5277492357978881
645,14.0,2.0,500.0,14.0,0.0,0.0,0.5277492357978881
646,14.0,2.0,500.0,14.0,0.0,0.0,0.5277492357978881
647,2.0,2.0,500.0,33.0,0.0,0.0,0.5000000313438557
648,11.0,3.0,750.0,23.0,0.0,0.0,0.5000000398747475
649,14.0,8.0,2000.0,46.0,0.0,0.0,0.5000003064044333
650,9.0,1.0,250.0,9.0,0.0,0.0,0.499999957406345
651,16.0,5.0,1250.0,27.0,0.0,0.0,0.5000001120142863
652,14.0,4.0,1000.0,26.0,0.0,0.0,0.4999997066310176
653,4.0,2.0,500.0,30.0,0.0,0.0,0.5000005799227718
654,14.0,3.0,750.0,21.0,0.0,0.0,0.5000002948482813
655,16.0,16.0,4000.0,77.0,0.0,0.0,0.39167602975607074
656,4.0,2.0,500.0,31.0,0.0,0.0,0.49999956239864635
657,14.0,8.0,2000.0,50.0,0.0,1.0,0.671834740151237
658,11.0,3.0,750.0,26.0,0.0,0.0,0.5000000543024538
659,14.0,7.0,1750.0,45.0,0.0,0.0,0.5000001064621721
660,15.0,5.0,1250.0,33.0,0.0,0.0,0.5000000033471761
661,16.0,2.0,500.0,16.0,0.0,0.0,0.49999986495363374
662,16.0,3.0,750.0,21.0,0.0,1.0,0.7310577515847033
663,11.0,8.0,2000.0,72.0,0.0,0.0,0.5877966773147841
664,11.0,1.0,250.0,11.0,0.0,0.0,0.5227116272388191
665,11.0,1.0,250.0,11.0,0.0,0.0,0.5227116272388191
666,11.0,1.0,250.0,11.0,0.0,0.0,0.5227116272388191
667,11.0,1.0,250.0,11.0,1.0,0.0,0.5227116272388191
668,11.0,1.0,250.0,11.0,0.0,0.0,0.5227116272388191
669,2.0,3.0,750.0,75.0,1.0,1.0,0.7310582389390224
670,2.0,3.0,750.0,77.0,0.0,0.0,0.4999999940229685
671,16.0,4.0,1000.0,28.0,0.0,0.0,0.4999998391854248
672,16.0,15.0,3750.0,87.0,0.0,0.0,0.48845248344968056
673,16.0,14.0,3500.0,83.0,0.0,0.0,0.5000000256949771
674,16.0,10.0,2500.0,62.0,0.0,0.0,0.40656328146725806
675,16.0,3.0,750.0,23.0,0.0,0.0,0.5000002641943058
676,14.0,3.0,750.0,26.0,0.0,0.0,0.49999994199652914
677,23.0,19.0,4750.0,62.0,0.0,0.0,0.49999999784163696
678,11.0,7.0,1750.0,75.0,0.0,0.0,0.49999998657879774
679,14.0,3.0,750.0,28.0,0.0,0.0,0.37218183130795485
680,20.0,14.0,3500.0,69.0,1.0,1.0,0.7310583626961983
681,4.0,2.0,500.0,46.0,0.0,0.0,0.5000000016647216
682,11.0,2.0,500.0,25.0,0.0,0.0,0.5000001104593039
683,11.0,3.0,750.0,37.0,0.0,0.0,0.4999998001710689
684,16.0,4.0,1000.0,33.0,0.0,0.0,0.49999997459569606
685,21.0,7.0,1750.0,38.0,0.0,0.0,0.5000000552320294
686,13.0,7.0,1750.0,76.0,0.0,0.0,0.4999999018698436
687,16.0,6.0,1500.0,50.0,0.0,0.0,0.5000000003088527
688,14.0,3.0,750.0,33.0,0.0,0.0,0.5215999125383569
689,14.0,1.0,250.0,14.0,0.0,0.0,0.5000000004953468
690,14.0,1.0,250.0,14.0,0.0,0.0,0.5000000004953468
691,14.0,1.0,250.0,14.0,0.0,0.0,0.5000000004953468
692,14.0,1.0,250.0,14.0,0.0,0.0,0.5000000004953468
693,14.0,1.0,250.0,14.0,0.0,0.0,0.5000000004953468
694,14.0,1.0,250.0,14.0,0.0,0.0,0.5000000004953468
695,17.0,7.0,1750.0,58.0,1.0,0.0,0.47234427673027785
696,14.0,3.0,750.0,35.0,0.0,0.0,0.5000001964429406
697,14.0,3.0,750.0,35.0,0.0,0.0,0.5000001964429406
698,16.0,7.0,1750.0,64.0,0.0,0.0,0.5000000023698312
699,21.0,2.0,500.0,21.0,0.0,0.0,0.4999998716886241
700,16.0,3.0,750.0,35.0,0.0,0.0,0.4764345821499689
701,16.0,1.0,250.0,16.0,0.0,0.0,0.5000000030455521
702,16.0,1.0,250.0,16.0,0.0,0.0,0.5000000030455521
703,16.0,1.0,250.0,16.0,0.0,0.0,0.5000000030455521
704,16.0,1.0,250.0,16.0,0.0,0.0,0.5000000030455521
705,16.0,1.0,250.0,16.0,0.0,0.0,0.5000000030455521
706,14.0,2.0,500.0,29.0,0.0,0.0,0.49999995302152866
707,11.0,4.0,1000.0,74.0,0.0,0.0,0.4999999341733101
708,11.0,2.0,500.0,38.0,1.0,1.0,0.7310583221557198
709,21.0,6.0,1500.0,48.0,0.0,0.0,0.4796693158637688
710,23.0,2.0,500.0,23.0,0.0,0.0,0.4999999902744771
711,23.0,6.0,1500.0,45.0,0.0,0.0,0.50000002624563
712,14.0,2.0,500.0,35.0,1.0,1.0,0.6224593337631678
713,16.0,6.0,1500.0,81.0,0.0,0.0,0.4486483926999254
714,16.0,4.0,1000.0,58.0,0.0,0.0,0.49999997393979645
715,16.0,5.0,1250.0,71.0,0.0,0.0,0.5000000128482827
716,21.0,2.0,500.0,26.0,0.0,0.0,0.5000001324497931
717,21.0,3.0,750.0,35.0,0.0,0.0,0.4999999866502375
718,21.0,3.0,750.0,35.0,0.0,0.0,0.4999999866502375
719,23.0,8.0,2000.0,69.0,0.0,0.0,0.5050372319216021
720,21.0,3.0,750.0,38.0,0.0,0.0,0.5000000059539235
721,23.0,3.0,750.0,35.0,0.0,0.0,0.5000000904208822
722,21.0,3.0,750.0,40.0,0.0,0.0,0.5000000638112141
723,23.0,2.0,500.0,28.0,0.0,0.0,0.5000001394040279
724,21.0,1.0,250.0,21.0,0.0,0.0,0.5208212881330032
725,21.0,1.0,250.0,21.0,0.0,0.0,0.5208212881330032
726,25.0,6.0,1500.0,50.0,0.0,0.0,0.3591659270657762
727,21.0,1.0,250.0,21.0,0.0,0.0,0.5208212881330032
728,21.0,1.0,250.0,21.0,0.0,0.0,0.5208212881330032
729,23.0,3.0,750.0,39.0,0.0,0.0,0.4999999986819501
730,21.0,2.0,500.0,33.0,0.0,0.0,0.5000000261291088
731,14.0,3.0,750.0,79.0,0.0,0.0,0.5333570625711961
732,23.0,1.0,250.0,23.0,1.0,0.0,0.5208212924935932
733,23.0,1.0,250.0,23.0,0.0,0.0,0.5208212924935932
734,23.0,1.0,250.0,23.0,0.0,0.0,0.5208212924935932
735,23.0,1.0,250.0,23.0,0.0,0.0,0.5208212924935932
736,23.0,1.0,250.0,23.0,0.0,0.0,0.5208212924935932
737,23.0,1.0,250.0,23.0,0.0,0.0,0.5208212924935932
738,23.0,1.0,250.0,23.0,0.0,0.0,0.5208212924935932
739,23.0,4.0,1000.0,52.0,0.0,0.0,0.4999999883213087
740,23.0,1.0,250.0,23.0,0.0,0.0,0.5208212924935932
741,23.0,7.0,1750.0,88.0,0.0,0.0,0.463525870309443
742,16.0,3.0,750.0,86.0,0.0,0.0,0.4154279567460896
743,23.0,2.0,500.0,38.0,0.0,0.0,0.5000001148938115
744,21.0,2.0,500.0,52.0,0.0,0.0,0.5854000026525312
745,23.0,3.0,750.0,62.0,0.0,0.0,0.5000001054697139
746,39.0,1.0,250.0,39.0,0.0,0.0,0.4999999662862677
747,72.0,1.0,250.0,72.0,0.0,0.0,0.585254361635214
